Document Title,Authors,Author Affiliations,Publication Title,Publication Year,Start Page,End Page,PDF Link,Author Keywords,Reference Count,Publisher,Document Identifier
Big problems in industry (panel),J. Penix,"Google, USA",2013 28th IEEE/ACM International Conference on Automated Software Engineering (ASE),2013,3,3,https://ieeexplore.ieee.org/stamp/stamp.jsp?arnumber=6693060,,,IEEE,IEEE Conferences
Toward Practical Automatic Program Repair,A. Ghanbari,University of Texas at Dallas,2019 34th IEEE/ACM International Conference on Automated Software Engineering (ASE),2019,1262,1264,https://ieeexplore.ieee.org/stamp/stamp.jsp?arnumber=8952355,Program Repair;JVM Bytecode;Mutation Testing,54,IEEE,IEEE Conferences
TsmartGP: A Tool for Finding Memory Defects with Pointer Analysis,Y. Wang; G. Chen; M. Zhou; M. Gu; J. Sun,Tsinghua University; Tsinghua University; Tsinghua University; Tsinghua University; Tsinghua University,2019 34th IEEE/ACM International Conference on Automated Software Engineering (ASE),2019,1170,1173,https://ieeexplore.ieee.org/stamp/stamp.jsp?arnumber=8952426,pointer analysis;uninitialized pointer;sensitivity;multi-entry,12,IEEE,IEEE Conferences
Retrieve and Refine: Exemplar-Based Neural Comment Generation,B. Wei,Peking University,2019 34th IEEE/ACM International Conference on Automated Software Engineering (ASE),2019,1250,1252,https://ieeexplore.ieee.org/stamp/stamp.jsp?arnumber=8952536,comment generation;program comprehension;deep learning,21,IEEE,IEEE Conferences
Humanoid: A Deep Learning-Based Approach to Automated Black-box Android App Testing,Y. Li; Z. Yang; Y. Guo; X. Chen,Peking University; Peking University; Peking University; Peking University,2019 34th IEEE/ACM International Conference on Automated Software Engineering (ASE),2019,1070,1073,https://ieeexplore.ieee.org/stamp/stamp.jsp?arnumber=8952324,software testing;automated test input generation;graphical user interface;deep learning;mobile application;Android,14,IEEE,IEEE Conferences
A Machine Learning Based Approach to Identify SQL Injection Vulnerabilities,K. Zhang,Wayne State University,2019 34th IEEE/ACM International Conference on Automated Software Engineering (ASE),2019,1286,1288,https://ieeexplore.ieee.org/stamp/stamp.jsp?arnumber=8952467,Deep learning;prediction model;SQL injection;vulnerability,18,IEEE,IEEE Conferences
Test Automation and Its Limitations: A Case Study,A. Sung; S. Kim; Y. Kim; Y. Jang; J. Kim,Samsung Electronics; Samsung Electronics; Samsung Electronics; Samsung Electronics; Samsung Electronics,2019 34th IEEE/ACM International Conference on Automated Software Engineering (ASE),2019,1208,1209,https://ieeexplore.ieee.org/stamp/stamp.jsp?arnumber=8952292,"embedded system, software layer, integration test, test automation",19,IEEE,IEEE Conferences
PHANTA: Diversified Test Code Quality Measurement for Modern Software Development,S. Tokumoto; K. Takayama,Fujitsu Laboratories Ltd.; Fujitsu Laboratories Ltd.,2019 34th IEEE/ACM International Conference on Automated Software Engineering (ASE),2019,1206,1207,https://ieeexplore.ieee.org/stamp/stamp.jsp?arnumber=8952538,Software Testing;Test Code;Mutation Testing,6,IEEE,IEEE Conferences
Enabling Continuous Improvement of a Continuous Integration Process,C. Vassallo,University of Zurich,2019 34th IEEE/ACM International Conference on Automated Software Engineering (ASE),2019,1246,1249,https://ieeexplore.ieee.org/stamp/stamp.jsp?arnumber=8952505,"Continuous Integration, Build Failures, Anti patterns, Best Practices",26,IEEE,IEEE Conferences
Better Development of Safety Critical Systems: Chinese High Speed Railway System Development Experience Report,Z. Wu; J. Liu; X. Chen,"East China Normal University; East China Normal University; R&D Institute, CASCO Signal Ltd.",2019 34th IEEE/ACM International Conference on Automated Software Engineering (ASE),2019,1216,1217,https://ieeexplore.ieee.org/stamp/stamp.jsp?arnumber=8952294,SysML;Formal Method;Model-Driven;SAT,7,IEEE,IEEE Conferences
User Preference Aware Multimedia Pricing Model using Game Theory and Prospect Theory for Wireless Communications,K. M. Kattiyan Ramamoorthy,San Diego State University,2019 34th IEEE/ACM International Conference on Automated Software Engineering (ASE),2019,1265,1267,https://ieeexplore.ieee.org/stamp/stamp.jsp?arnumber=8952218,Network Economics;Game Theory;Prospect Theory;Quality of Experience (QoE);Smart Multimedia Pricing,11,IEEE,IEEE Conferences
Ares: Inferring Error Specifications through Static Analysis,C. Li; M. Zhou; Z. Gu; M. Gu; H. Zhang,Tsinghua University; Tsinghua University; Tsinghua University; Tsinghua University; Tsinghua University,2019 34th IEEE/ACM International Conference on Automated Software Engineering (ASE),2019,1174,1177,https://ieeexplore.ieee.org/stamp/stamp.jsp?arnumber=8952222,Error Handling;Error Specification;Static Analysis,12,IEEE,IEEE Conferences
Empirical Study of Python Call Graph,L. Yu,Nanjing University,2019 34th IEEE/ACM International Conference on Automated Software Engineering (ASE),2019,1274,1276,https://ieeexplore.ieee.org/stamp/stamp.jsp?arnumber=8952190,"Python, call graph, empirical study, quantitative, qualitative",13,IEEE,IEEE Conferences
Verifying Determinism in Sequential Programs,R. Mudduluru,University of Washington,2019 34th IEEE/ACM International Conference on Automated Software Engineering (ASE),2019,1271,1273,https://ieeexplore.ieee.org/stamp/stamp.jsp?arnumber=8952328,"nondeterminism, type system, verification, specification",9,IEEE,IEEE Conferences
Grading-Based Test Suite Augmentation,J. Osei-Owusu; A. Astorga; L. Butler; T. Xie; G. Challen,University of Illinois at Urbana-Champaign; University of Illinois at Urbana-Champaign; University of Illinois at Urbana-Champaign; Peking University; Ministry of Education; University of Illinois at Urbana-Champaign,2019 34th IEEE/ACM International Conference on Automated Software Engineering (ASE),2019,226,229,https://ieeexplore.ieee.org/stamp/stamp.jsp?arnumber=8952332,programming education;testing;clustering,14,IEEE,IEEE Conferences
Crowdsourced Report Generation via Bug Screenshot Understanding,S. Yu,Nanjing University,2019 34th IEEE/ACM International Conference on Automated Software Engineering (ASE),2019,1277,1279,https://ieeexplore.ieee.org/stamp/stamp.jsp?arnumber=8952296,Crowdsourced Testing;Mobile App Testing;Bug Report Generation,11,IEEE,IEEE Conferences
How Do API Selections Affect the Runtime Performance of Data Analytics Tasks?,Y. Tao; S. Tang; Y. Liu; Z. Xu; S. Qin,Shenzhen University; Shenzhen University; Southern University of Science and Technology; Shenzhen University; Teesside University,2019 34th IEEE/ACM International Conference on Automated Software Engineering (ASE),2019,665,668,https://ieeexplore.ieee.org/stamp/stamp.jsp?arnumber=8952224,"API selection, data analytics, performance optimization, Stack Overflow",11,IEEE,IEEE Conferences
mCUTE: A Model-Level Concolic Unit Testing Engine for UML State Machines,R. Ahmadi; K. Jahed; J. Dingel,Queen's University; Queen's University; Queen's University,2019 34th IEEE/ACM International Conference on Automated Software Engineering (ASE),2019,1182,1185,https://ieeexplore.ieee.org/stamp/stamp.jsp?arnumber=8952438,"Concolic Testing, MDE, State machines, Unit Testing, UML",22,IEEE,IEEE Conferences
LIRAT: Layout and Image Recognition Driving Automated Mobile Testing of Cross-Platform,S. Yu; C. Fang; Y. Feng; W. Zhao; Z. Chen,Nanjing University; Nanjing University; Nanjing University; Nanjing University; Nanjing University,2019 34th IEEE/ACM International Conference on Automated Software Engineering (ASE),2019,1066,1069,https://ieeexplore.ieee.org/stamp/stamp.jsp?arnumber=8952513,Cross-Platform Testing;Image Recognition;Record and Replay,11,IEEE,IEEE Conferences
Automatic Generation of Graphical User Interface Prototypes from Unrestricted Natural Language Requirements,K. Kolthoff,"Institute for Enterprise Systems (InES), University of Mannheim",2019 34th IEEE/ACM International Conference on Automated Software Engineering (ASE),2019,1234,1237,https://ieeexplore.ieee.org/stamp/stamp.jsp?arnumber=8952477,Graphical;User;Interface;Automatic;GUI;Generation;Processing;Natural;Language;Requirements;Intelligent;Interaction;Prototyping,29,IEEE,IEEE Conferences
SPrinter: A Static Checker for Finding Smart Pointer Errors in C++ Programs,X. Ma; J. Yan; Y. Li; J. Yan; J. Zhang,"Institute of Software, Chinese Academy of Sciences; Institute of Software, Chinese Academy of Sciences; Institute of Software, Chinese Academy of Sciences; Institute of Software, Chinese Academy of Sciences; Institute of Software, Chinese Academy of Sciences",2019 34th IEEE/ACM International Conference on Automated Software Engineering (ASE),2019,1122,1125,https://ieeexplore.ieee.org/stamp/stamp.jsp?arnumber=8952230,C++ Smart Pointer;Memory Error;Coding Styles,12,IEEE,IEEE Conferences
PMExec: An Execution Engine of Partial UML-RT Models,M. Bagherzadeh; K. Jahed; N. Kahani; J. Dingel,Queen's University; Queen's University; Queen's University; Queen's University,2019 34th IEEE/ACM International Conference on Automated Software Engineering (ASE),2019,1178,1181,https://ieeexplore.ieee.org/stamp/stamp.jsp?arnumber=8952369,MDD;Partial Models;Execution;Debugging;Model level debugging;Model execution,12,IEEE,IEEE Conferences
TestCov: Robust Test-Suite Execution and Coverage Measurement,D. Beyer; T. Lemberger,LMU Munich; LMU Munich,2019 34th IEEE/ACM International Conference on Automated Software Engineering (ASE),2019,1074,1077,https://ieeexplore.ieee.org/stamp/stamp.jsp?arnumber=8952265,"Test Execution, Coverage, Test-Suite Reduction",13,IEEE,IEEE Conferences
Improving Patch Quality by Enhancing Key Components of Automatic Program Repair,M. Soto,Carnegie Mellon University,2019 34th IEEE/ACM International Conference on Automated Software Engineering (ASE),2019,1230,1233,https://ieeexplore.ieee.org/stamp/stamp.jsp?arnumber=8952342,"Automatic Program Repair, Patch Quality",19,IEEE,IEEE Conferences
PTracer: A Linux Kernel Patch Trace Bot,Y. Wen; J. Cao; S. Cheng,ZTE Corporation; ZTE Corporation; ZTE Corporation,2019 34th IEEE/ACM International Conference on Automated Software Engineering (ASE),2019,1210,1211,https://ieeexplore.ieee.org/stamp/stamp.jsp?arnumber=8952485,Linux kernel;patch identification;trace bot,7,IEEE,IEEE Conferences
AutoFocus: Interpreting Attention-Based Neural Networks by Code Perturbation,N. D. Q. Bui; Y. Yu; L. Jiang,"Singapore Management University; The Open University, UK; Singapore Management University",2019 34th IEEE/ACM International Conference on Automated Software Engineering (ASE),2019,38,41,https://ieeexplore.ieee.org/stamp/stamp.jsp?arnumber=8952269,"attention mechanisms, neural networks, algorithm classification, interpretability, explainability, code perturbation, program comprehension",17,IEEE,IEEE Conferences
VeriAbs : Verification by Abstraction and Test Generation,M. Afzal; A. Asia; A. Chauhan; B. Chimdyalwar; P. Darke; A. Datar; S. Kumar; R. Venkatesh,"Tata Research Development and Design Center, India; Tata Research Development and Design Center, India; Tata Research Development and Design Center, India; Tata Research Development and Design Center, India; Tata Research Development and Design Center, India; Tata Research Development and Design Center, India; Tata Research Development and Design Center, India; Tata Research Development and Design Center, India",2019 34th IEEE/ACM International Conference on Automated Software Engineering (ASE),2019,1138,1141,https://ieeexplore.ieee.org/stamp/stamp.jsp?arnumber=8952452,Software Verification;Strategy Selection;Portfolio Verifier;Loop Abstraction;Array Abstraction;Bounded Model Checking;Fuzz Testing;Loop Invariant Generation;Value Analysis,27,IEEE,IEEE Conferences
Trusted Software Supply Chain,K. Singi; J. C. B. R P; S. Podder; A. P. Burden,"Accenture Labs, India; Accenture Labs, India; Accenture Labs, India; Accenture, Singapore",2019 34th IEEE/ACM International Conference on Automated Software Engineering (ASE),2019,1212,1213,https://ieeexplore.ieee.org/stamp/stamp.jsp?arnumber=8952169,"trust, supply chain, provenance, governance, compliance, integrity, smart advisors",4,IEEE,IEEE Conferences
"BuRRiTo: A Framework to Extract, Specify, Verify and Analyze Business Rules",P. K. Chittimalli; K. Anand; S. Pradhan; S. Mitra; C. Prakash; R. Shere; R. Naik,Tata Consultancy Services Ltd.; TCS Research; Tata Consultancy Services Ltd.; Tata Consultancy Services Ltd.; Tata Consultancy Services Ltd.; Tata Consultancy Services Ltd.; Tata Consultancy Services Ltd.; Tata Consultancy Services Ltd.,2019 34th IEEE/ACM International Conference on Automated Software Engineering (ASE),2019,1190,1193,https://ieeexplore.ieee.org/stamp/stamp.jsp?arnumber=8952315,"Business Rules Extraction, Rule Document, Rule Components, SBVR, Natural Language Processing, Text Mining, Graphs, Match and Gap, Search and Query, Source Code",20,IEEE,IEEE Conferences
"Prema: A Tool for Precise Requirements Editing, Modeling and Analysis",Y. Huang; J. Feng; H. Zheng; J. Zhu; S. Wang; S. Jiang; W. Miao; G. Pu,"East China Normal University; East China Normal University; East China Normal University; East China Normal University; East China Normal University; Eastern Michigan University; East China Normal University; Tongji University, China; East China Normal University; Shanghai Trusted Industrial Control Platform Co., Ltd, China",2019 34th IEEE/ACM International Conference on Automated Software Engineering (ASE),2019,1166,1169,https://ieeexplore.ieee.org/stamp/stamp.jsp?arnumber=8952250,formal methods;requirements modeling;requirements verification;formal engineering methods,18,IEEE,IEEE Conferences
Demystifying Application Performance Management Libraries for Android,Y. Tang; X. Zhan; H. Zhou; X. Luo; Z. Xu; Y. Zhou; Q. Yan,The Hong Kong Polytechnic University; The Hong Kong Polytechnic University; The Hong Kong Polytechnic University; The Hong Kong Polytechnic University; Wuhan University; Zhejiang University; Michigan State University,2019 34th IEEE/ACM International Conference on Automated Software Engineering (ASE),2019,682,685,https://ieeexplore.ieee.org/stamp/stamp.jsp?arnumber=8952393,Android;Application Performance Management Library;Empirical Study,19,IEEE,IEEE Conferences
Generating Tests to Analyse Dynamically-Typed Programs,S. Lukasczyk,University of Passau,2019 34th IEEE/ACM International Conference on Automated Software Engineering (ASE),2019,1226,1229,https://ieeexplore.ieee.org/stamp/stamp.jsp?arnumber=8952500,Dynamic Analysis;Static Analysis;Python;Type Inference;Test Generation,32,IEEE,IEEE Conferences
DeepMutation++: A Mutation Testing Framework for Deep Learning Systems,Q. Hu; L. Ma; X. Xie; B. Yu; Y. Liu; J. Zhao,"Kyushu University, Japan; Kyushu University, Japan; Nanyang Technological University, Singapore; Kyushu University, Japan; Nanyang Technological University, Singapore; Kyushu University, Japan",2019 34th IEEE/ACM International Conference on Automated Software Engineering (ASE),2019,1158,1161,https://ieeexplore.ieee.org/stamp/stamp.jsp?arnumber=8952248,deep learning;mutation testing,11,IEEE,IEEE Conferences
NeuralVis: Visualizing and Interpreting Deep Learning Models,X. Zhang; Z. Yin; Y. Feng; Q. Shi; J. Liu; Z. Chen,Nanjing University; Nanjing University; Nanjing University; Nanjing University; Nanjing University; Nanjing University,2019 34th IEEE/ACM International Conference on Automated Software Engineering (ASE),2019,1106,1109,https://ieeexplore.ieee.org/stamp/stamp.jsp?arnumber=8952427,Visualization;Neural Network Visualization;Program Comprehension,14,IEEE,IEEE Conferences
Improving Collaboration Efficiency in Fork-Based Development,S. Zhou,Carnegie Mellon University,2019 34th IEEE/ACM International Conference on Automated Software Engineering (ASE),2019,1218,1221,https://ieeexplore.ieee.org/stamp/stamp.jsp?arnumber=8952395,"Fork-based Development, Distributed Collaboration, Awareness of Collaboration, Open-Source Community",14,IEEE,IEEE Conferences
An Approach for Investigating Emotion Dynamics in Software Development,K. Neupane,Rochester Institute of Technology,2019 34th IEEE/ACM International Conference on Automated Software Engineering (ASE),2019,1268,1270,https://ieeexplore.ieee.org/stamp/stamp.jsp?arnumber=8952358,"Emotion dynamics, emotion awareness, emotion intensity, software development, time-series database",13,IEEE,IEEE Conferences
Inference of Properties from Requirements and Automation of Their Formal Verification,M. Reich,"Chemnitz University of Technology, Airbus Defence and Space GmbH",2019 34th IEEE/ACM International Conference on Automated Software Engineering (ASE),2019,1222,1225,https://ieeexplore.ieee.org/stamp/stamp.jsp?arnumber=8952397,"embedded systems, formal verification, specification mining, formal properties, declarative requirement specification",36,IEEE,IEEE Conferences
Compile-Time Detection of Machine Image Sniping,M. Kellogg,Paul G. Allen University of Washington,2019 34th IEEE/ACM International Conference on Automated Software Engineering (ASE),2019,1256,1258,https://ieeexplore.ieee.org/stamp/stamp.jsp?arnumber=8952221,"pluggable types, AMI sniping, AWS, EC2, Java, lightweight verification, DescribeImagesRequest",8,IEEE,IEEE Conferences
Boosting Neural Commit Message Generation with Code Semantic Analysis,S. Jiang,"Fudan University, China",2019 34th IEEE/ACM International Conference on Automated Software Engineering (ASE),2019,1280,1282,https://ieeexplore.ieee.org/stamp/stamp.jsp?arnumber=8952539,Neural machine translation (NMT);Commit message generation;Deep learning,38,IEEE,IEEE Conferences
FPChecker: Detecting Floating-Point Exceptions in GPU Applications,I. Laguna,Lawrence Livermore National Laboratory,2019 34th IEEE/ACM International Conference on Automated Software Engineering (ASE),2019,1126,1129,https://ieeexplore.ieee.org/stamp/stamp.jsp?arnumber=8952258,Floating-point arithmetic;exceptions;GPU;scientific computing,6,IEEE,IEEE Conferences
A Journey Towards Providing Intelligence and Actionable Insights to Development Teams in Software Delivery,V. S. Sharma; R. Mehra; S. Podder; A. P. Burden,"Accenture Labs, India; Accenture Labs, India; Accenture Labs, India; Accenture, Singapore",2019 34th IEEE/ACM International Conference on Automated Software Engineering (ASE),2019,1214,1215,https://ieeexplore.ieee.org/stamp/stamp.jsp?arnumber=8952441,"Software Delivery, Software Analytics, Project Management, Actionable Insights",10,IEEE,IEEE Conferences
Pangolin: An SFL-Based Toolset for Feature Localization,B. Castro; A. Perez; R. Abreu,"IST, University of Lisbon; Palo Alto Research Center; IST, University of Lisbon and INESC-ID",2019 34th IEEE/ACM International Conference on Automated Software Engineering (ASE),2019,1130,1133,https://ieeexplore.ieee.org/stamp/stamp.jsp?arnumber=8952297,Spectrum-based Fault Localization;Program Understanding;Maintenance and Evolution,10,IEEE,IEEE Conferences
"SWAN_ASSIST: Semi-Automated Detection of Code-Specific, Security-Relevant Methods",G. Piskachev; L. Nguyen Quang Do; O. Johnson; E. Bodden,Fraunhofer IEM; Paderborn University; Fraunhofer IEM; Paderborn University and Fraunhofer IEM,2019 34th IEEE/ACM International Conference on Automated Software Engineering (ASE),2019,1094,1097,https://ieeexplore.ieee.org/stamp/stamp.jsp?arnumber=8952264,Program Analysis;Security;Machine-Learning,9,IEEE,IEEE Conferences
Kotless: A Serverless Framework for Kotlin,V. Tankov; Y. Golubev; T. Bryksin,JetBrains; JetBrains Research; JetBrains Research,2019 34th IEEE/ACM International Conference on Automated Software Engineering (ASE),2019,1110,1113,https://ieeexplore.ieee.org/stamp/stamp.jsp?arnumber=8952482,Kotlin;Serverless;Web;Framework;Kotless;Cloud,8,IEEE,IEEE Conferences
Towards Comprehensible Representation of Controllers using Machine Learning,G. Balasubramaniam,"Birla Institute of Technology and Science, Pilani, Goa, India",2019 34th IEEE/ACM International Conference on Automated Software Engineering (ASE),2019,1283,1285,https://ieeexplore.ieee.org/stamp/stamp.jsp?arnumber=8952374,"Cyber Physical Systems, Controller Synthesis, Model Checking, Machine Learning, Inductive Logic Programming, Domain Knowledge, Strategy Representation",17,IEEE,IEEE Conferences
FogWorkflowSim: An Automated Simulation Toolkit for Workflow Performance Evaluation in Fog Computing,X. Liu; L. Fan; J. Xu; X. Li; L. Gong; J. Grundy; Y. Yang,Deakin University; Anhui University; Anhui University; Anhui University; Anhui University; Monash University; Swinburne University of Technology,2019 34th IEEE/ACM International Conference on Automated Software Engineering (ASE),2019,1114,1117,https://ieeexplore.ieee.org/stamp/stamp.jsp?arnumber=8952516,Fog Computing;Workflow;Performance Evaluation;Task Scheduling;Simulation Toolkit,12,IEEE,IEEE Conferences
An Image-Inspired and CNN-Based Android Malware Detection Approach,X. Xiao,Case Western Reserve University,2019 34th IEEE/ACM International Conference on Automated Software Engineering (ASE),2019,1259,1261,https://ieeexplore.ieee.org/stamp/stamp.jsp?arnumber=8952484,Android Malware Detection;Deep learning;CNN,18,IEEE,IEEE Conferences
CONVUL: An Effective Tool for Detecting Concurrency Vulnerabilities,R. Meng; B. Zhu; H. Yun; H. Li; Y. Cai; Z. Yang,"State Key Laboratory of Computer Science, Institute of Software Chinese Academy of Sciences; University of Chinese Academy of Sciences; State Key Laboratory of Computer Science, Institute of Software Chinese Academy of Sciences; University of Chinese Academy of Sciences; State Key Laboratory of Computer Science, Institute of Software Chinese Academy of Sciences; University of Chinese Academy of Sciences; State Key Laboratory of Computer Science, Institute of Software Chinese Academy of Sciences; University of Chinese Academy of Sciences; State Key Laboratory of Computer Science, Institute of Software Chinese Academy of Sciences; GuardStrike Inc.",2019 34th IEEE/ACM International Conference on Automated Software Engineering (ASE),2019,1154,1157,https://ieeexplore.ieee.org/stamp/stamp.jsp?arnumber=8952233,Concurrency;Vulnerabilities,15,IEEE,IEEE Conferences
Automatically Repairing Binary Programs Using Adapter Synthesis,V. Sharma,University of Minnesota,2019 34th IEEE/ACM International Conference on Automated Software Engineering (ASE),2019,1238,1241,https://ieeexplore.ieee.org/stamp/stamp.jsp?arnumber=8952199,automated program repair;symbolic execution;binary analysis;adapter synthesis,24,IEEE,IEEE Conferences
Visual Analytics for Concurrent Java Executions,C. Artho; M. Pande; Q. Tang,KTH Royal Institute of Technology; KTH Royal Institute of Technology; Imperial College London,2019 34th IEEE/ACM International Conference on Automated Software Engineering (ASE),2019,1102,1105,https://ieeexplore.ieee.org/stamp/stamp.jsp?arnumber=8952488,Execution trace visualization;Visual analytics,32,IEEE,IEEE Conferences
Tackling Build Failures in Continuous Integration,F. Hassan,University of Texas at San Antonio,2019 34th IEEE/ACM International Conference on Automated Software Engineering (ASE),2019,1242,1245,https://ieeexplore.ieee.org/stamp/stamp.jsp?arnumber=8952416,"build failures, build repair, continuous integration",21,IEEE,IEEE Conferences
API Design Implications of Boilerplate Client Code,D. Nam,Carnegie Mellon University,2019 34th IEEE/ACM International Conference on Automated Software Engineering (ASE),2019,1253,1255,https://ieeexplore.ieee.org/stamp/stamp.jsp?arnumber=8952241,Boilerplate Code;API Usability;Repository Mining,20,IEEE,IEEE Conferences
Manticore: A User-Friendly Symbolic Execution Framework for Binaries and Smart Contracts,M. Mossberg; F. Manzano; E. Hennenfent; A. Groce; G. Grieco; J. Feist; T. Brunson; A. Dinaburg,Trail of Bits; Trail of Bits; Trail of Bits; Trail of Bits; Trail of Bits; Trail of Bits; Trail of Bits; Trail of Bits,2019 34th IEEE/ACM International Conference on Automated Software Engineering (ASE),2019,1186,1189,https://ieeexplore.ieee.org/stamp/stamp.jsp?arnumber=8952204,manticore;mcore;symbolic execution;ethereum;smart contract,19,IEEE,IEEE Conferences
Lancer: Your Code Tell Me What You Need,S. Zhou; B. Shen; H. Zhong,Shanghai Jiao Tong University; Shanghai Jiao Tong University; Shanghai Jiao Tong University,2019 34th IEEE/ACM International Conference on Automated Software Engineering (ASE),2019,1202,1205,https://ieeexplore.ieee.org/stamp/stamp.jsp?arnumber=8952168,Code recommendation;Code reuse;Language model,18,IEEE,IEEE Conferences
MutAPK: Source-Codeless Mutant Generation for Android Apps,C. Escobar-Velásquez; M. Osorio-Riaño; M. Linares-Vásquez,Universidad de los Andes; Universidad de los Andes; Universidad de los Andes,2019 34th IEEE/ACM International Conference on Automated Software Engineering (ASE),2019,1090,1093,https://ieeexplore.ieee.org/stamp/stamp.jsp?arnumber=8952526,"Mutation Testing, Closed Source Apps, Android",15,IEEE,IEEE Conferences
Developer Reputation Estimator (DRE),S. Amreen; A. Karnauch; A. Mockus,The University of Tennessee; The University of Tennessee; The University of Tennessee,2019 34th IEEE/ACM International Conference on Automated Software Engineering (ASE),2019,1082,1085,https://ieeexplore.ieee.org/stamp/stamp.jsp?arnumber=8952390,Developer Reputation;Software Ecosystem;Identity Disambiguation,7,IEEE,IEEE Conferences
CocoQa: Question Answering for Coding Conventions Over Knowledge Graphs,T. Du; J. Cao; Q. Wu; W. Li; B. Shen; Y. Chen,Shanghai Jiao Tong University; Shanghai Jiao Tong University; Shanghai Jiao Tong University; Shanghai Jiao Tong University; Shanghai Jiao Tong University; Shanghai Jiao Tong University,2019 34th IEEE/ACM International Conference on Automated Software Engineering (ASE),2019,1086,1089,https://ieeexplore.ieee.org/stamp/stamp.jsp?arnumber=8952314,Coding convention;question answering;knowledge graph,15,IEEE,IEEE Conferences
MuSC: A Tool for Mutation Testing of Ethereum Smart Contract,Z. Li; H. Wu; J. Xu; X. Wang; L. Zhang; Z. Chen,Nanjing University; Nanjing University; Nanjing University; Nanjing University; University of Texas at Dallas; Nanjing University,2019 34th IEEE/ACM International Conference on Automated Software Engineering (ASE),2019,1198,1201,https://ieeexplore.ieee.org/stamp/stamp.jsp?arnumber=8952206,Blockchain;Ethereum-Smart-Contract;Mutation-Test;Mutation-Operator,20,IEEE,IEEE Conferences
SiMPOSE - Configurable N-Way Program Merging Strategies for Superimposition-Based Analysis of Variant-Rich Software,D. Reuling; U. Kelter; S. Ruland; M. Lochau,"University of Siegen; University of Siegen; Real-Time Systems Lab, TU Darmstadt; Real-Time Systems Lab, TU Darmstadt",2019 34th IEEE/ACM International Conference on Automated Software Engineering (ASE),2019,1134,1137,https://ieeexplore.ieee.org/stamp/stamp.jsp?arnumber=8952245,Program Merging;Model Merging;Software Testing;Family-Based Analyses,12,IEEE,IEEE Conferences
Towards search-based modelling and analysis of requirements and architecture decisions,S. A. Busari,"Software Systems Engineering, Department of Computer Science, University College London, United Kingdom",2017 32nd IEEE/ACM International Conference on Automated Software Engineering (ASE),2017,1026,1029,https://ieeexplore.ieee.org/stamp/stamp.jsp?arnumber=8115725,,26,IEEE,IEEE Conferences
Tool Support for Analyzing Mobile App Reviews,P. M. Vu; H. V. Pham; T. T. Nguyen; T. T. Nguyen,"Comput. Sci. Dept., Utah State Univ., Logan, UT, USA; Comput. Sci. Dept., Utah State Univ., Logan, UT, USA; Comput. Sci. Dept., Utah State Univ., Logan, UT, USA; Comput. Sci. Dept., Utah State Univ., Logan, UT, USA",2015 30th IEEE/ACM International Conference on Automated Software Engineering (ASE),2015,789,794,https://ieeexplore.ieee.org/stamp/stamp.jsp?arnumber=7372068,App Review;Opinion Mining;Keyword,11,IEEE,IEEE Conferences
The challenges of verification and validation of automated planning systems (keynote),J. Frank,"NASA Ames Research Center, USA",2013 28th IEEE/ACM International Conference on Automated Software Engineering (ASE),2013,2,2,https://ieeexplore.ieee.org/stamp/stamp.jsp?arnumber=6693059,,,IEEE,IEEE Conferences
Keynotes,,,2015 30th IEEE/ACM International Conference on Automated Software Engineering (ASE),2015,xxiii,xxv,https://ieeexplore.ieee.org/stamp/stamp.jsp?arnumber=7371988,,,IEEE,IEEE Conferences
LED: Tool for Synthesizing Web Element Locators,K. Bajaj; K. Pattabiraman; A. Mesbah,"Univ. of British Columbia, Vancouver, BC, Canada; Univ. of British Columbia, Vancouver, BC, Canada; Univ. of British Columbia, Vancouver, BC, Canada",2015 30th IEEE/ACM International Conference on Automated Software Engineering (ASE),2015,848,851,https://ieeexplore.ieee.org/stamp/stamp.jsp?arnumber=7372078,Program synthesis;Programming by example;Element locators;CSS selectors;Web applications,14,IEEE,IEEE Conferences
The bounded model checker LLBMC,S. Falke; F. Merz; C. Sinz,"Institute for Theoretical Computer Science, Karlsruhe Institute of Technology (KIT), Germany; Institute for Theoretical Computer Science, Karlsruhe Institute of Technology (KIT), Germany; Institute for Theoretical Computer Science, Karlsruhe Institute of Technology (KIT), Germany",2013 28th IEEE/ACM International Conference on Automated Software Engineering (ASE),2013,706,709,https://ieeexplore.ieee.org/stamp/stamp.jsp?arnumber=6693138,,21,IEEE,IEEE Conferences
Cobra — An interactive static code analyzer,G. Holzmann,"Nimble Research, Arcadia, CA 91006, USA",2017 32nd IEEE/ACM International Conference on Automated Software Engineering (ASE),2017,1,1,https://ieeexplore.ieee.org/stamp/stamp.jsp?arnumber=8115610,,,IEEE,IEEE Conferences
Measuring Object-Oriented Design Principles,J. Braeuer,"Dept. of Bus. Inf. - Software Eng., Johannes Kepler Univ. Linz, Linz, Austria",2015 30th IEEE/ACM International Conference on Automated Software Engineering (ASE),2015,882,885,https://ieeexplore.ieee.org/stamp/stamp.jsp?arnumber=7372084,design principles;software-design quality;softwaredesign assessment method;design model,14,IEEE,IEEE Conferences
Characterizing and taming non-deterministic bugs in Javascript applications,J. Wang,"State Key Lab of Computer Science, Institute of Software, Chinese Academy of Sciences, China, University of Chinese Academy of Sciences, China",2017 32nd IEEE/ACM International Conference on Automated Software Engineering (ASE),2017,1006,1009,https://ieeexplore.ieee.org/stamp/stamp.jsp?arnumber=8115720,JavaScript;Node.js;non-deterministic bug;empirical study;record and replay;bug detection,25,IEEE,IEEE Conferences
Software engineering without borders,A. van Deursen,"Department of Software Technolgy, Delft University of Technology, The Netherlands",2017 32nd IEEE/ACM International Conference on Automated Software Engineering (ASE),2017,3,3,https://ieeexplore.ieee.org/stamp/stamp.jsp?arnumber=8115612,,,IEEE,IEEE Conferences
MetaMod: A Modeling Formalism with Modularity at Its Core,A. ?utîi,"Dept. of Math. & Comput. Sci., Eindhoven Univ. of Technol., Eindhoven, Netherlands",2015 30th IEEE/ACM International Conference on Automated Software Engineering (ASE),2015,890,893,https://ieeexplore.ieee.org/stamp/stamp.jsp?arnumber=7372086,modeling;modularity;DSLs,16,IEEE,IEEE Conferences
TRAM: A tool for transforming textual requirements into analysis models,K. J. Letsholo; L. Zhao; E. Chioasca,"School of Computer Science, The University of Manchester, U.K.; School of Computer Science, The University of Manchester, U.K.; School of Computer Science, The University of Manchester, U.K.",2013 28th IEEE/ACM International Conference on Automated Software Engineering (ASE),2013,738,741,https://ieeexplore.ieee.org/stamp/stamp.jsp?arnumber=6693146,Model transformation;natural language processing;conceptual patterns;semantic object models;analysis models,15,IEEE,IEEE Conferences
"Understanding, Refactoring, and Fixing Concurrency in C#",S. Okur,"Univ. of Illinois at Urbana-Champaign, Urbana, IL, USA",2015 30th IEEE/ACM International Conference on Automated Software Engineering (ASE),2015,898,901,https://ieeexplore.ieee.org/stamp/stamp.jsp?arnumber=7372088,,25,IEEE,IEEE Conferences
Privacy-aware data-intensive applications,M. Guerriero,"Politecnico di Milano, DEIB, Italy",2017 32nd IEEE/ACM International Conference on Automated Software Engineering (ASE),2017,1030,1033,https://ieeexplore.ieee.org/stamp/stamp.jsp?arnumber=8115726,Data Privacy;Data-Intensive Applications;Big Data;Dataflow computing,11,IEEE,IEEE Conferences
Clone Merge -- An Eclipse Plugin to Abstract Near-Clone C++ Methods,K. Narasimhan,NA,2015 30th IEEE/ACM International Conference on Automated Software Engineering (ASE),2015,819,823,https://ieeexplore.ieee.org/stamp/stamp.jsp?arnumber=7372073,Refactoring;Eclipse;CDT;Clone;Evolution;Abstraction,7,IEEE,IEEE Conferences
BOOM: Experiences in language and tool design for distributed systems (keynote),J. M. Hellerstein,"University of California at Berkeley, USA",2013 28th IEEE/ACM International Conference on Automated Software Engineering (ASE),2013,1,1,https://ieeexplore.ieee.org/stamp/stamp.jsp?arnumber=6693058,,,IEEE,IEEE Conferences
Tool support for automatic model transformation specification using concrete visualisations,I. Avazpour; J. Grundy; L. Grunske,"Faculty of ICT, Centre for Computing and Engineering Software and Systems (SUCCESS), Swinburne University of Technology, Hawthorn 3122, VIC, Australia; Faculty of ICT, Centre for Computing and Engineering Software and Systems (SUCCESS), Swinburne University of Technology, Hawthorn 3122, VIC, Australia; Institute of Software Technology, Universität Stuttgart, Universitätsstraße 38, D-70569, Germany",2013 28th IEEE/ACM International Conference on Automated Software Engineering (ASE),2013,718,721,https://ieeexplore.ieee.org/stamp/stamp.jsp?arnumber=6693141,,9,IEEE,IEEE Conferences
Mining structures from massive text data: Will it help software engineering?,J. Han,"Abel Bliss Professor, Department of Computer Science, University of Illinois at Urbana-Champaign, USA",2017 32nd IEEE/ACM International Conference on Automated Software Engineering (ASE),2017,2,2,https://ieeexplore.ieee.org/stamp/stamp.jsp?arnumber=8115611,,,IEEE,IEEE Conferences
Crushinator: A framework towards game-independent testing,C. Schaefer; Hyunsook Do; B. M. Slator,"North Dakota State University, Computer Science, Fargo, USA; North Dakota State University, Computer Science, Fargo, USA; North Dakota State University, Computer Science, Fargo, USA",2013 28th IEEE/ACM International Conference on Automated Software Engineering (ASE),2013,726,729,https://ieeexplore.ieee.org/stamp/stamp.jsp?arnumber=6693143,Crushinator;model-based testing;exploratory testing;event-driven applications,14,IEEE,IEEE Conferences
Towards API-specific automatic program repair,S. Nielebock,"Chair of Software Engineering, Faculty of Computer Science, Otto-von-Guericke University Magdeburg, Germany",2017 32nd IEEE/ACM International Conference on Automated Software Engineering (ASE),2017,1010,1013,https://ieeexplore.ieee.org/stamp/stamp.jsp?arnumber=8115721,Automatic Program Repair;API-specific Bugs;Specification Mining,38,IEEE,IEEE Conferences
Developing self-verifying service-based systems,R. Calinescu; K. Johnson; Y. Rafiq,"Department of Computer Science, University of York, UK; Department of Computer Science, University of York, UK; Department of Computer Science, University of York, UK",2013 28th IEEE/ACM International Conference on Automated Software Engineering (ASE),2013,734,737,https://ieeexplore.ieee.org/stamp/stamp.jsp?arnumber=6693145,,16,IEEE,IEEE Conferences
A Generic Framework for Concept-Based Exploration of Semi-Structured Software Engineering Data,G. J. Greene,"Centre for Artificial Intell. Res. Comput. Sci. Div., Matieland Stellenbosch Univ., Stellenbosch, South Africa",2015 30th IEEE/ACM International Conference on Automated Software Engineering (ASE),2015,894,897,https://ieeexplore.ieee.org/stamp/stamp.jsp?arnumber=7372087,formal concept analysis;tag clouds;browsing software repositories,21,IEEE,IEEE Conferences
Automatic Self-Validation for Code Coverage Profilers,Y. Yang; Y. Jiang; Z. Zuo; Y. Wang; H. Sun; H. Lu; Y. Zhou; B. Xu,Nanjing University; Nanjing University; Nanjing University; Nanjing University; Nanjing University; Nanjing University; Nanjing University; Nanjing University,2019 34th IEEE/ACM International Conference on Automated Software Engineering (ASE),2019,79,90,https://ieeexplore.ieee.org/stamp/stamp.jsp?arnumber=8952463,"Code coverage, Metamorphic testing, Coverage profilers, Bug detection.",51,IEEE,IEEE Conferences
Machine Learning Based Recommendation of Method Names: How Far are We,L. Jiang; H. Liu; H. Jiang,Beijing Institute of Technology; Beijing Institute of Technology; Dalian University of Technology,2019 34th IEEE/ACM International Conference on Automated Software Engineering (ASE),2019,602,614,https://ieeexplore.ieee.org/stamp/stamp.jsp?arnumber=8952208,Code Recommendation;Machine Learning,46,IEEE,IEEE Conferences