tweet_id,author_id,text,created_at,source
1587861911848116224,1528988202702409730,"COSTWAY 4 5FT Conference Table, 55â€ x 24â€ Large Meeting Room Table W/Heavy Duty Steel Frame, Modern Computer Desk for Home, O W5TVPPN

https://t.co/yb4Nzt4Rtw https://t.co/Jd54MqEpwh",2022-11-02T17:39:15.000Z,Twitter Web App
1587861911848116224,1528988202702409730,"COSTWAY 4 5FT Conference Table, 55â€ x 24â€ Large Meeting Room Table W/Heavy Duty Steel Frame, Modern Computer Desk for Home, O W5TVPPN

https://t.co/yb4Nzt4Rtw https://t.co/Jd54MqEpwh",2022-11-02T17:39:15.000Z,Twitter Web App
1587847899391541248,2440262372,"In its efforts to attract top talent, the NSA has been known to recruit hackers and other computer wizards at cybersecurity conferences. The agency even set up a special page to woo attendees of DefCon, a shadowy hackers' conference held each July in Las Vegas.",2022-11-02T16:43:34.000Z,twittbot.net
1587847899391541248,2440262372,"In its efforts to attract top talent, the NSA has been known to recruit hackers and other computer wizards at cybersecurity conferences. The agency even set up a special page to woo attendees of DefCon, a shadowy hackers' conference held each July in Las Vegas.",2022-11-02T16:43:34.000Z,twittbot.net
1587847899391541248,2440262372,"In its efforts to attract top talent, the NSA has been known to recruit hackers and other computer wizards at cybersecurity conferences. The agency even set up a special page to woo attendees of DefCon, a shadowy hackers' conference held each July in Las Vegas.",2022-11-02T16:43:34.000Z,twittbot.net
1587843076457779201,2285828804,"â€œSitting at a laptop computer at a dining room tableâ€ is â€œkind of stupid,â€ Diller said at the conference. 

Deep analysis https://t.co/SNmaYpFYNH",2022-11-02T16:24:24.000Z,Twitter for iPhone
1587843076457779201,2285828804,"â€œSitting at a laptop computer at a dining room tableâ€ is â€œkind of stupid,â€ Diller said at the conference. 

Deep analysis https://t.co/SNmaYpFYNH",2022-11-02T16:24:24.000Z,Twitter for iPhone
1587843076457779201,2285828804,"â€œSitting at a laptop computer at a dining room tableâ€ is â€œkind of stupid,â€ Diller said at the conference. 

Deep analysis https://t.co/SNmaYpFYNH",2022-11-02T16:24:24.000Z,Twitter for iPhone
1587840720982925313,881914330954039296,"@Whitney_Hartman Ms Hartman, as a techy I was always in favor of the computer component.  Take the average of several computer rating systems and publish it.  At least the schools and public know the criteria.  It would also expose the SEC only playing 8 conference games.  Stay Safe.",2022-11-02T16:15:03.000Z,Twitter Web App
1587840720982925313,881914330954039296,"@Whitney_Hartman Ms Hartman, as a techy I was always in favor of the computer component.  Take the average of several computer rating systems and publish it.  At least the schools and public know the criteria.  It would also expose the SEC only playing 8 conference games.  Stay Safe.",2022-11-02T16:15:03.000Z,Twitter Web App
1587840720982925313,881914330954039296,"@Whitney_Hartman Ms Hartman, as a techy I was always in favor of the computer component.  Take the average of several computer rating systems and publish it.  At least the schools and public know the criteria.  It would also expose the SEC only playing 8 conference games.  Stay Safe.",2022-11-02T16:15:03.000Z,Twitter Web App
1587839416751431680,2915142926,"@hardy6791 @CalltoActivism I have never replied on Twitter before, but how do you explain the press conference where Comey LITERALLY lists the illegal things on her computer and then says he won't seek prosecution? She had Super Secret Classified documents and you didn't need a cereal decoder ring to read.",2022-11-02T16:09:52.000Z,Twitter for Android
1587839416751431680,2915142926,"@hardy6791 @CalltoActivism I have never replied on Twitter before, but how do you explain the press conference where Comey LITERALLY lists the illegal things on her computer and then says he won't seek prosecution? She had Super Secret Classified documents and you didn't need a cereal decoder ring to read.",2022-11-02T16:09:52.000Z,Twitter for Android
1587839416751431680,2915142926,"@hardy6791 @CalltoActivism I have never replied on Twitter before, but how do you explain the press conference where Comey LITERALLY lists the illegal things on her computer and then says he won't seek prosecution? She had Super Secret Classified documents and you didn't need a cereal decoder ring to read.",2022-11-02T16:09:52.000Z,Twitter for Android
1587838606152028160,1012008327767678977,When you returned to (hybrid) Zoom conference forgetting to mute your microphone... ...still venting on something from time outside the conference. ğŸ˜¶â€ğŸŒ«ï¸ Remaining hopeful of greater wisdom of organisers of having incoming computer sound off. ğŸ˜… #toughday,2022-11-02T16:06:38.000Z,Twitter for Android
1587838606152028160,1012008327767678977,When you returned to (hybrid) Zoom conference forgetting to mute your microphone... ...still venting on something from time outside the conference. ğŸ˜¶â€ğŸŒ«ï¸ Remaining hopeful of greater wisdom of organisers of having incoming computer sound off. ğŸ˜… #toughday,2022-11-02T16:06:38.000Z,Twitter for Android
1587833191494197249,492932268,"Last week, our colleague @DamienTeney, head of our #MachineLearning group, presented his work during the European Conference on Computer Vision, #ECCV2022.

Find out more â¬‡ï¸ https://t.co/7ukz6ByM1t",2022-11-02T15:45:08.000Z,Twitter Web App
1587833191494197249,492932268,"Last week, our colleague @DamienTeney, head of our #MachineLearning group, presented his work during the European Conference on Computer Vision, #ECCV2022.

Find out more â¬‡ï¸ https://t.co/7ukz6ByM1t",2022-11-02T15:45:08.000Z,Twitter Web App
1587833191494197249,492932268,"Last week, our colleague @DamienTeney, head of our #MachineLearning group, presented his work during the European Conference on Computer Vision, #ECCV2022.

Find out more â¬‡ï¸ https://t.co/7ukz6ByM1t",2022-11-02T15:45:08.000Z,Twitter Web App
1587827825935110144,204099741,"RT @l3xmolina: ğŸ‡¬ğŸ‡¹ğŸš¨#EleccionesGT2023ğŸš¨

The @TSEGuatemala at a press conference, they assured that a #CostaRica company called CAPEL is in châ€¦",2022-11-02T15:23:48.000Z,Twitter for Android
1587827825935110144,204099741,"RT @l3xmolina: ğŸ‡¬ğŸ‡¹ğŸš¨#EleccionesGT2023ğŸš¨

The @TSEGuatemala at a press conference, they assured that a #CostaRica company called CAPEL is in châ€¦",2022-11-02T15:23:48.000Z,Twitter for Android
1587827825935110144,204099741,"RT @l3xmolina: ğŸ‡¬ğŸ‡¹ğŸš¨#EleccionesGT2023ğŸš¨

The @TSEGuatemala at a press conference, they assured that a #CostaRica company called CAPEL is in châ€¦",2022-11-02T15:23:48.000Z,Twitter for Android
1587822342343835649,243670716,"RT @IntelPolicy: Today is #NationalOhioDay and we agree with @LtGovHusted when he says, â€œcomputer chips run the world, and Ohio is going toâ€¦",2022-11-02T15:02:01.000Z,Twitter Web App
1587822342343835649,243670716,"RT @IntelPolicy: Today is #NationalOhioDay and we agree with @LtGovHusted when he says, â€œcomputer chips run the world, and Ohio is going toâ€¦",2022-11-02T15:02:01.000Z,Twitter Web App
1587822342343835649,243670716,"RT @IntelPolicy: Today is #NationalOhioDay and we agree with @LtGovHusted when he says, â€œcomputer chips run the world, and Ohio is going toâ€¦",2022-11-02T15:02:01.000Z,Twitter Web App
1587821836720537600,89518080,"Today is #NationalOhioDay and we agree with @LtGovHusted when he says, â€œcomputer chips run the world, and Ohio is going to make them.â€ Thank you for your continued support. #IntelOhio https://t.co/BX2hdm8DQW",2022-11-02T15:00:00.000Z,TweetDeck
1587821836720537600,89518080,"Today is #NationalOhioDay and we agree with @LtGovHusted when he says, â€œcomputer chips run the world, and Ohio is going to make them.â€ Thank you for your continued support. #IntelOhio https://t.co/BX2hdm8DQW",2022-11-02T15:00:00.000Z,TweetDeck
1587807107377668098,1557342099795857410,@jeff_ruff I was concerned when Herbstreit said â€œthe committee is supposed to pick who they believe are the best four teamsâ€ (not necessarily best record or points). Leaves so much room for bias. Itâ€™s a shame they canâ€™t just have 5 conference champs automatically in and then 3 by computer,2022-11-02T14:01:29.000Z,Twitter Web App
1587807107377668098,1557342099795857410,@jeff_ruff I was concerned when Herbstreit said â€œthe committee is supposed to pick who they believe are the best four teamsâ€ (not necessarily best record or points). Leaves so much room for bias. Itâ€™s a shame they canâ€™t just have 5 conference champs automatically in and then 3 by computer,2022-11-02T14:01:29.000Z,Twitter Web App
1587807107377668098,1557342099795857410,@jeff_ruff I was concerned when Herbstreit said â€œthe committee is supposed to pick who they believe are the best four teamsâ€ (not necessarily best record or points). Leaves so much room for bias. Itâ€™s a shame they canâ€™t just have 5 conference champs automatically in and then 3 by computer,2022-11-02T14:01:29.000Z,Twitter Web App
1587802649088479233,1451592770238353415,So excited for for this conference! I am speaking Thursday @ 3:15 about getting computer science started in elementary school. #hces_computerscience #huskyprideğŸ¾ #gaetc22 #computerscience https://t.co/iwi9A2i1H8,2022-11-02T13:43:46.000Z,Instagram
1587802649088479233,1451592770238353415,So excited for for this conference! I am speaking Thursday @ 3:15 about getting computer science started in elementary school. #hces_computerscience #huskyprideğŸ¾ #gaetc22 #computerscience https://t.co/iwi9A2i1H8,2022-11-02T13:43:46.000Z,Instagram
1587802379868688387,1175108514114658304,"RT @l3xmolina: ğŸ‡¬ğŸ‡¹ğŸš¨#EleccionesGT2023ğŸš¨

The @TSEGuatemala at a press conference, they assured that a #CostaRica company called CAPEL is in châ€¦",2022-11-02T13:42:41.000Z,Twitter for iPhone
1587802379868688387,1175108514114658304,"RT @l3xmolina: ğŸ‡¬ğŸ‡¹ğŸš¨#EleccionesGT2023ğŸš¨

The @TSEGuatemala at a press conference, they assured that a #CostaRica company called CAPEL is in châ€¦",2022-11-02T13:42:41.000Z,Twitter for iPhone
1587802379868688387,1175108514114658304,"RT @l3xmolina: ğŸ‡¬ğŸ‡¹ğŸš¨#EleccionesGT2023ğŸš¨

The @TSEGuatemala at a press conference, they assured that a #CostaRica company called CAPEL is in châ€¦",2022-11-02T13:42:41.000Z,Twitter for iPhone
1587801803617353729,4633894823,Had a group discussion last night about how some docs at hospitals donâ€™t understand basic computer etiquette. Today an attending was unaware they were sharing their whole screen w/ an entire conference call. The screen where they were sending messages talking shit about nursingâ€¦,2022-11-02T13:40:24.000Z,Twitter for iPhone
1587801803617353729,4633894823,Had a group discussion last night about how some docs at hospitals donâ€™t understand basic computer etiquette. Today an attending was unaware they were sharing their whole screen w/ an entire conference call. The screen where they were sending messages talking shit about nursingâ€¦,2022-11-02T13:40:24.000Z,Twitter for iPhone
1587784613635784705,240468606,RT @albagarciaseco: Itâ€™s out now the Call for Papers of the IEEE 36th International Symposium on Computer Based Medical Systems (CBMS) 2023â€¦,2022-11-02T12:32:06.000Z,Hootsuite Inc.
1587784613635784705,240468606,RT @albagarciaseco: Itâ€™s out now the Call for Papers of the IEEE 36th International Symposium on Computer Based Medical Systems (CBMS) 2023â€¦,2022-11-02T12:32:06.000Z,Hootsuite Inc.
1587784613635784705,240468606,RT @albagarciaseco: Itâ€™s out now the Call for Papers of the IEEE 36th International Symposium on Computer Based Medical Systems (CBMS) 2023â€¦,2022-11-02T12:32:06.000Z,Hootsuite Inc.
1587783654029377536,1456176133255348231,Alibaba Cloud will showcase the latest products of cloud computer series at Yunqi Conference (19:41) â€“ 20221102 â€“ Instant FinancialÂ News https://t.co/eO0mn14tz5,2022-11-02T12:28:17.000Z,WordPress.com
1587783654029377536,1456176133255348231,Alibaba Cloud will showcase the latest products of cloud computer series at Yunqi Conference (19:41) â€“ 20221102 â€“ Instant FinancialÂ News https://t.co/eO0mn14tz5,2022-11-02T12:28:17.000Z,WordPress.com
1587771261488222208,69257605,Eurographics 2023 â€“ 44th Annual Conference of the European Association for Computer Graphics https://t.co/px4lZgzzlw,2022-11-02T11:39:02.000Z,dlvr.it
1587771261488222208,69257605,Eurographics 2023 â€“ 44th Annual Conference of the European Association for Computer Graphics https://t.co/px4lZgzzlw,2022-11-02T11:39:02.000Z,dlvr.it
1587767564331089923,32485590,RT @albagarciaseco: Itâ€™s out now the Call for Papers of the IEEE 36th International Symposium on Computer Based Medical Systems (CBMS) 2023â€¦,2022-11-02T11:24:21.000Z,Twitter for iPhone
1587767564331089923,32485590,RT @albagarciaseco: Itâ€™s out now the Call for Papers of the IEEE 36th International Symposium on Computer Based Medical Systems (CBMS) 2023â€¦,2022-11-02T11:24:21.000Z,Twitter for iPhone
1587767564331089923,32485590,RT @albagarciaseco: Itâ€™s out now the Call for Papers of the IEEE 36th International Symposium on Computer Based Medical Systems (CBMS) 2023â€¦,2022-11-02T11:24:21.000Z,Twitter for iPhone
1587762781276741635,268262631,RT @albagarciaseco: Itâ€™s out now the Call for Papers of the IEEE 36th International Symposium on Computer Based Medical Systems (CBMS) 2023â€¦,2022-11-02T11:05:20.000Z,Twitter Web App
1587762781276741635,268262631,RT @albagarciaseco: Itâ€™s out now the Call for Papers of the IEEE 36th International Symposium on Computer Based Medical Systems (CBMS) 2023â€¦,2022-11-02T11:05:20.000Z,Twitter Web App
1587762781276741635,268262631,RT @albagarciaseco: Itâ€™s out now the Call for Papers of the IEEE 36th International Symposium on Computer Based Medical Systems (CBMS) 2023â€¦,2022-11-02T11:05:20.000Z,Twitter Web App
1587762755335069696,268262631,RT @albagarciaseco: Itâ€™s out now the Call for Special Tracks of the IEEE 36th International Symposium on Computer Based Medical Systems (CBâ€¦,2022-11-02T11:05:14.000Z,Twitter Web App
1587762755335069696,268262631,RT @albagarciaseco: Itâ€™s out now the Call for Special Tracks of the IEEE 36th International Symposium on Computer Based Medical Systems (CBâ€¦,2022-11-02T11:05:14.000Z,Twitter Web App
1587762755335069696,268262631,RT @albagarciaseco: Itâ€™s out now the Call for Special Tracks of the IEEE 36th International Symposium on Computer Based Medical Systems (CBâ€¦,2022-11-02T11:05:14.000Z,Twitter Web App
1587762607741718528,971340432981610497,"Itâ€™s out now the Call for Special Tracks of the IEEE 36th International Symposium on Computer Based Medical Systems (CBMS) 2023, that will be held in June 22 â€“ 24, Lâ€™Aquila Italy.
Donâ€™t miss it!
More information available here: https://t.co/72EAS7V9jI https://t.co/97FnAXzqad",2022-11-02T11:04:39.000Z,Twitter Web App
1587762607741718528,971340432981610497,"Itâ€™s out now the Call for Special Tracks of the IEEE 36th International Symposium on Computer Based Medical Systems (CBMS) 2023, that will be held in June 22 â€“ 24, Lâ€™Aquila Italy.
Donâ€™t miss it!
More information available here: https://t.co/72EAS7V9jI https://t.co/97FnAXzqad",2022-11-02T11:04:39.000Z,Twitter Web App
1587762294347513859,971340432981610497,"Itâ€™s out now the Call for Papers of the IEEE 36th International Symposium on Computer Based Medical Systems (CBMS) 2023, that will be held in June 22 â€“ 24, Lâ€™Aquila Italy.
Donâ€™t miss it!
More information available here: https://t.co/AmeQCzWzaG https://t.co/wmM92s5SaY",2022-11-02T11:03:24.000Z,Twitter Web App
1587762294347513859,971340432981610497,"Itâ€™s out now the Call for Papers of the IEEE 36th International Symposium on Computer Based Medical Systems (CBMS) 2023, that will be held in June 22 â€“ 24, Lâ€™Aquila Italy.
Donâ€™t miss it!
More information available here: https://t.co/AmeQCzWzaG https://t.co/wmM92s5SaY",2022-11-02T11:03:24.000Z,Twitter Web App
1587761668188213251,1554526260793057280,"Safe Comp 96: The 15th International Conference on Computer Safety, Reliability and Security, Vienna, Austria October 23â€“25 1 SKENQSQ

https://t.co/GG0Vb3JCxv https://t.co/J80BQgLjbI",2022-11-02T11:00:55.000Z,Twitter Web App
1587761668188213251,1554526260793057280,"Safe Comp 96: The 15th International Conference on Computer Safety, Reliability and Security, Vienna, Austria October 23â€“25 1 SKENQSQ

https://t.co/GG0Vb3JCxv https://t.co/J80BQgLjbI",2022-11-02T11:00:55.000Z,Twitter Web App
1587746680216207360,1587735906840084480,"Ring Light for Laptop Computer, Ruyilam Video Conference Lighting Kit with Clip and Tripod, Desktop PC Selfie Dimmable Light with Stand Ring Light for Live Streaming, Video Recording, Makeup https://t.co/2TnCmFCxkY via @amazon",2022-11-02T10:01:22.000Z,Twitter Web App
1587746680216207360,1587735906840084480,"Ring Light for Laptop Computer, Ruyilam Video Conference Lighting Kit with Clip and Tripod, Desktop PC Selfie Dimmable Light with Stand Ring Light for Live Streaming, Video Recording, Makeup https://t.co/2TnCmFCxkY via @amazon",2022-11-02T10:01:22.000Z,Twitter Web App
1587733956614422528,1569584568608628736,"Conference machine
The size is as shown below
Computer screen projection, very convenient, improve meeting efficiencyï¼Œ
Can also be used to cast a screen to watch TV
#ad #audio #ledwall #leddisplay #ledart  #ledscreen #ledscreens #leddisplayscreen #ledrental #fullcolor #sign #led https://t.co/0ZKfyAkjwS",2022-11-02T09:10:48.000Z,Twitter Web App
1587733956614422528,1569584568608628736,"Conference machine
The size is as shown below
Computer screen projection, very convenient, improve meeting efficiencyï¼Œ
Can also be used to cast a screen to watch TV
#ad #audio #ledwall #leddisplay #ledart  #ledscreen #ledscreens #leddisplayscreen #ledrental #fullcolor #sign #led https://t.co/0ZKfyAkjwS",2022-11-02T09:10:48.000Z,Twitter Web App
1587733209793630211,1554936512474644487,"Ring Light for Laptop Computer, Ruyilam Video Conference Lighting Kit with Clip and Tripod, Desktop PC Selfie Dimmable Light with Stand Ring Light for Live Streaming, Video Recording, Makeup https://t.co/IfexbLcQ2M via @amazon",2022-11-02T09:07:50.000Z,Twitter Web App
1587733209793630211,1554936512474644487,"Ring Light for Laptop Computer, Ruyilam Video Conference Lighting Kit with Clip and Tripod, Desktop PC Selfie Dimmable Light with Stand Ring Light for Live Streaming, Video Recording, Makeup https://t.co/IfexbLcQ2M via @amazon",2022-11-02T09:07:50.000Z,Twitter Web App
1587727565598253056,1529271011195211781,"Drafting Chair Tall Office Chair - Ergonomic Mesh Standing Desk Stool with Flip-Up Arms, Computer Conference Room Chairs with 539RZ8R

https://t.co/SXt7pWTxZ0 https://t.co/KArXsYwSpM",2022-11-02T08:45:24.000Z,Twitter Web App
1587727565598253056,1529271011195211781,"Drafting Chair Tall Office Chair - Ergonomic Mesh Standing Desk Stool with Flip-Up Arms, Computer Conference Room Chairs with 539RZ8R

https://t.co/SXt7pWTxZ0 https://t.co/KArXsYwSpM",2022-11-02T08:45:24.000Z,Twitter Web App
1587726040864260096,1272479318447230977,"Poor seven gas allow play. Computer edge view only admit for often.
Conference performance common decide forget.",2022-11-02T08:39:21.000Z,Just Space Bot
1587726040864260096,1272479318447230977,"Poor seven gas allow play. Computer edge view only admit for often.
Conference performance common decide forget.",2022-11-02T08:39:21.000Z,Just Space Bot
1587723998225260544,152981445,"RT @VNITN: The 7th Int. Conference on Computer Vision &amp; Image Processing 2022 from 4-6 November 2022 at VNIT, will have keynote lectures byâ€¦",2022-11-02T08:31:14.000Z,Twitter Web App
1587723998225260544,152981445,"RT @VNITN: The 7th Int. Conference on Computer Vision &amp; Image Processing 2022 from 4-6 November 2022 at VNIT, will have keynote lectures byâ€¦",2022-11-02T08:31:14.000Z,Twitter Web App
1587723998225260544,152981445,"RT @VNITN: The 7th Int. Conference on Computer Vision &amp; Image Processing 2022 from 4-6 November 2022 at VNIT, will have keynote lectures byâ€¦",2022-11-02T08:31:14.000Z,Twitter Web App
1587714904378806273,2331874202,"Last week we were at the @IGCiencia , at the #3C conference (cells, computer &amp; clinics), a transdisciplinary symposium organized by its research groups. https://t.co/0JVLGmrNlm",2022-11-02T07:55:06.000Z,Twitter Web App
1587714904378806273,2331874202,"Last week we were at the @IGCiencia , at the #3C conference (cells, computer &amp; clinics), a transdisciplinary symposium organized by its research groups. https://t.co/0JVLGmrNlm",2022-11-02T07:55:06.000Z,Twitter Web App
1587714904378806273,2331874202,"Last week we were at the @IGCiencia , at the #3C conference (cells, computer &amp; clinics), a transdisciplinary symposium organized by its research groups. https://t.co/0JVLGmrNlm",2022-11-02T07:55:06.000Z,Twitter Web App
1587692714329485312,1585988499949457412,"Lume Cube Broadcast Lighting Kit (Pack of 2) | Zoom Lighting, Webcam Light for Computer | Video Conference Lighting Kit for L CZ9WYST

https://t.co/8BEeMCoTWQ",2022-11-02T06:26:55.000Z,Twitter Web App
1587692714329485312,1585988499949457412,"Lume Cube Broadcast Lighting Kit (Pack of 2) | Zoom Lighting, Webcam Light for Computer | Video Conference Lighting Kit for L CZ9WYST

https://t.co/8BEeMCoTWQ",2022-11-02T06:26:55.000Z,Twitter Web App
1587688835231625216,1569584568608628736,"Conference all-in-one display
Good stability, high-definition picture
Computer screen projection to improve work efficiency
You can also watch movies on the screen ğŸ¤£ğŸ¤£
It's enough for the office
WhatsAppï¼š+86 17346032863
#ad #audio #ledwall #leddisplay #ledart  #ledscreen #led https://t.co/sytUbQak9e",2022-11-02T06:11:30.000Z,Twitter Web App
1587688835231625216,1569584568608628736,"Conference all-in-one display
Good stability, high-definition picture
Computer screen projection to improve work efficiency
You can also watch movies on the screen ğŸ¤£ğŸ¤£
It's enough for the office
WhatsAppï¼š+86 17346032863
#ad #audio #ledwall #leddisplay #ledart  #ledscreen #led https://t.co/sytUbQak9e",2022-11-02T06:11:30.000Z,Twitter Web App
1587678703911374848,1510514956051304448,Marium press conference karnay say pehle homework kar liya karain tou baar baar chawlain marnay say buch saktee hain yeh akhbar kee khabar iss khandaan ka gold medal hain aaj tuk baday baday computer expert hairaan hain https://t.co/nVeXJoxVG3,2022-11-02T05:31:15.000Z,Twitter for Android
1587678703911374848,1510514956051304448,Marium press conference karnay say pehle homework kar liya karain tou baar baar chawlain marnay say buch saktee hain yeh akhbar kee khabar iss khandaan ka gold medal hain aaj tuk baday baday computer expert hairaan hain https://t.co/nVeXJoxVG3,2022-11-02T05:31:15.000Z,Twitter for Android
1587678703911374848,1510514956051304448,Marium press conference karnay say pehle homework kar liya karain tou baar baar chawlain marnay say buch saktee hain yeh akhbar kee khabar iss khandaan ka gold medal hain aaj tuk baday baday computer expert hairaan hain https://t.co/nVeXJoxVG3,2022-11-02T05:31:15.000Z,Twitter for Android
1587678405205671936,934903406,"RT @l3xmolina: ğŸ‡¬ğŸ‡¹ğŸš¨#EleccionesGT2023ğŸš¨

The @TSEGuatemala at a press conference, they assured that a #CostaRica company called CAPEL is in châ€¦",2022-11-02T05:30:04.000Z,Twitter for iPhone
1587678405205671936,934903406,"RT @l3xmolina: ğŸ‡¬ğŸ‡¹ğŸš¨#EleccionesGT2023ğŸš¨

The @TSEGuatemala at a press conference, they assured that a #CostaRica company called CAPEL is in châ€¦",2022-11-02T05:30:04.000Z,Twitter for iPhone
1587678405205671936,934903406,"RT @l3xmolina: ğŸ‡¬ğŸ‡¹ğŸš¨#EleccionesGT2023ğŸš¨

The @TSEGuatemala at a press conference, they assured that a #CostaRica company called CAPEL is in châ€¦",2022-11-02T05:30:04.000Z,Twitter for iPhone
1587672778198896640,985631035319726083,"RT @l3xmolina: ğŸ‡¬ğŸ‡¹ğŸš¨#EleccionesGT2023ğŸš¨

The @TSEGuatemala at a press conference, they assured that a #CostaRica company called CAPEL is in châ€¦",2022-11-02T05:07:42.000Z,Twitter for Android
1587672778198896640,985631035319726083,"RT @l3xmolina: ğŸ‡¬ğŸ‡¹ğŸš¨#EleccionesGT2023ğŸš¨

The @TSEGuatemala at a press conference, they assured that a #CostaRica company called CAPEL is in châ€¦",2022-11-02T05:07:42.000Z,Twitter for Android
1587672778198896640,985631035319726083,"RT @l3xmolina: ğŸ‡¬ğŸ‡¹ğŸš¨#EleccionesGT2023ğŸš¨

The @TSEGuatemala at a press conference, they assured that a #CostaRica company called CAPEL is in châ€¦",2022-11-02T05:07:42.000Z,Twitter for Android
1587669418829836288,1272479318447230977,"Mean management color final increase process. Start enough none ball boy star vote. Financial special doctor money conference yes field determine.
Coach relationship parent computer reality owner.",2022-11-02T04:54:21.000Z,Just Space Bot
1587669418829836288,1272479318447230977,"Mean management color final increase process. Start enough none ball boy star vote. Financial special doctor money conference yes field determine.
Coach relationship parent computer reality owner.",2022-11-02T04:54:21.000Z,Just Space Bot
1587664730629496834,237447877,"RT @l3xmolina: ğŸ‡¬ğŸ‡¹ğŸš¨#EleccionesGT2023ğŸš¨

The @TSEGuatemala at a press conference, they assured that a #CostaRica company called CAPEL is in châ€¦",2022-11-02T04:35:43.000Z,Twitter for iPhone
1587664730629496834,237447877,"RT @l3xmolina: ğŸ‡¬ğŸ‡¹ğŸš¨#EleccionesGT2023ğŸš¨

The @TSEGuatemala at a press conference, they assured that a #CostaRica company called CAPEL is in châ€¦",2022-11-02T04:35:43.000Z,Twitter for iPhone
1587664730629496834,237447877,"RT @l3xmolina: ğŸ‡¬ğŸ‡¹ğŸš¨#EleccionesGT2023ğŸš¨

The @TSEGuatemala at a press conference, they assured that a #CostaRica company called CAPEL is in châ€¦",2022-11-02T04:35:43.000Z,Twitter for iPhone
1587648768245202948,1252471063730106368,"Human-Computer Interaction. New Trends: 13th International Conference, HCI International 2009, San Diego, CA, USA, July 19-24, 2009, Proceedings, Part I: 5610 (Lecture Notes in ComputerÂ Science) https://t.co/y7DHU0wC9W",2022-11-02T03:32:18.000Z,WordPress.com
1587648768245202948,1252471063730106368,"Human-Computer Interaction. New Trends: 13th International Conference, HCI International 2009, San Diego, CA, USA, July 19-24, 2009, Proceedings, Part I: 5610 (Lecture Notes in ComputerÂ Science) https://t.co/y7DHU0wC9W",2022-11-02T03:32:18.000Z,WordPress.com
1587648648812412928,116611800,"RT @l3xmolina: ğŸ‡¬ğŸ‡¹ğŸš¨#EleccionesGT2023ğŸš¨

The @TSEGuatemala at a press conference, they assured that a #CostaRica company called CAPEL is in châ€¦",2022-11-02T03:31:49.000Z,Twitter for Android
1587648648812412928,116611800,"RT @l3xmolina: ğŸ‡¬ğŸ‡¹ğŸš¨#EleccionesGT2023ğŸš¨

The @TSEGuatemala at a press conference, they assured that a #CostaRica company called CAPEL is in châ€¦",2022-11-02T03:31:49.000Z,Twitter for Android
1587648648812412928,116611800,"RT @l3xmolina: ğŸ‡¬ğŸ‡¹ğŸš¨#EleccionesGT2023ğŸš¨

The @TSEGuatemala at a press conference, they assured that a #CostaRica company called CAPEL is in châ€¦",2022-11-02T03:31:49.000Z,Twitter for Android
1587632352641093632,1528856711725031425,"ML@GT Makes a Strong Showing at Premier European Computer Vision Conference 

https://t.co/dtEEfkY9CH
#computervision #ml #computer #cv #vision",2022-11-02T02:27:04.000Z,CORPUS_NEWS
1587632352641093632,1528856711725031425,"ML@GT Makes a Strong Showing at Premier European Computer Vision Conference 

https://t.co/dtEEfkY9CH
#computervision #ml #computer #cv #vision",2022-11-02T02:27:04.000Z,CORPUS_NEWS
1587631761176948737,76876755,"RT @VNITN: The 7th Int. Conference on Computer Vision &amp; Image Processing 2022 from 4-6 November 2022 at VNIT, will have keynote lectures byâ€¦",2022-11-02T02:24:43.000Z,Twitter for Android
1587631761176948737,76876755,"RT @VNITN: The 7th Int. Conference on Computer Vision &amp; Image Processing 2022 from 4-6 November 2022 at VNIT, will have keynote lectures byâ€¦",2022-11-02T02:24:43.000Z,Twitter for Android
1587631761176948737,76876755,"RT @VNITN: The 7th Int. Conference on Computer Vision &amp; Image Processing 2022 from 4-6 November 2022 at VNIT, will have keynote lectures byâ€¦",2022-11-02T02:24:43.000Z,Twitter for Android
1587626108500836352,1535860516085956608,"Xeneo Computer Ring Light for Video Conference Desktop Ring Light and 8 inch Dual Light Ring with Phone Hoders and Tripod for QVYOIAR

https://t.co/KQ1Mn4lDL7 https://t.co/c3XcR1cPBb",2022-11-02T02:02:15.000Z,Twitter Web App
1587626108500836352,1535860516085956608,"Xeneo Computer Ring Light for Video Conference Desktop Ring Light and 8 inch Dual Light Ring with Phone Hoders and Tripod for QVYOIAR

https://t.co/KQ1Mn4lDL7 https://t.co/c3XcR1cPBb",2022-11-02T02:02:15.000Z,Twitter Web App
1587614642439962624,1619343391,"@MrOH1O I mean the LSU ranking may be high, but theyâ€™re clearly the best conference, even when looking at the objective computer models (FPI, SP+, FEI, Sagarin). They have 5 in top 13 of Massey composite.",2022-11-02T01:16:41.000Z,Twitter for iPhone
1587614642439962624,1619343391,"@MrOH1O I mean the LSU ranking may be high, but theyâ€™re clearly the best conference, even when looking at the objective computer models (FPI, SP+, FEI, Sagarin). They have 5 in top 13 of Massey composite.",2022-11-02T01:16:41.000Z,Twitter for iPhone
1587614642439962624,1619343391,"@MrOH1O I mean the LSU ranking may be high, but theyâ€™re clearly the best conference, even when looking at the objective computer models (FPI, SP+, FEI, Sagarin). They have 5 in top 13 of Massey composite.",2022-11-02T01:16:41.000Z,Twitter for iPhone
1587611381670596612,992349470,"RT @techpolicySIPA: As cybersecurity awareness month reaches its end, have a look at this 50-year-old USAF report (Oct 1972) which describeâ€¦",2022-11-02T01:03:44.000Z,Twitter Web App
1587611381670596612,992349470,"RT @techpolicySIPA: As cybersecurity awareness month reaches its end, have a look at this 50-year-old USAF report (Oct 1972) which describeâ€¦",2022-11-02T01:03:44.000Z,Twitter Web App
1587611381670596612,992349470,"RT @techpolicySIPA: As cybersecurity awareness month reaches its end, have a look at this 50-year-old USAF report (Oct 1972) which describeâ€¦",2022-11-02T01:03:44.000Z,Twitter Web App
1587597076459814912,1549067310165549062,"RT @l3xmolina: ğŸ‡¬ğŸ‡¹ğŸš¨#EleccionesGT2023ğŸš¨

The @TSEGuatemala at a press conference, they assured that a #CostaRica company called CAPEL is in châ€¦",2022-11-02T00:06:53.000Z,Twitter for iPhone
1587597076459814912,1549067310165549062,"RT @l3xmolina: ğŸ‡¬ğŸ‡¹ğŸš¨#EleccionesGT2023ğŸš¨

The @TSEGuatemala at a press conference, they assured that a #CostaRica company called CAPEL is in châ€¦",2022-11-02T00:06:53.000Z,Twitter for iPhone
1587597076459814912,1549067310165549062,"RT @l3xmolina: ğŸ‡¬ğŸ‡¹ğŸš¨#EleccionesGT2023ğŸš¨

The @TSEGuatemala at a press conference, they assured that a #CostaRica company called CAPEL is in châ€¦",2022-11-02T00:06:53.000Z,Twitter for iPhone
1587596669973045249,921818714,"RT @l3xmolina: ğŸ‡¬ğŸ‡¹ğŸš¨#EleccionesGT2023ğŸš¨

The @TSEGuatemala at a press conference, they assured that a #CostaRica company called CAPEL is in châ€¦",2022-11-02T00:05:16.000Z,Twitter for Android
1587596669973045249,921818714,"RT @l3xmolina: ğŸ‡¬ğŸ‡¹ğŸš¨#EleccionesGT2023ğŸš¨

The @TSEGuatemala at a press conference, they assured that a #CostaRica company called CAPEL is in châ€¦",2022-11-02T00:05:16.000Z,Twitter for Android
1587596669973045249,921818714,"RT @l3xmolina: ğŸ‡¬ğŸ‡¹ğŸš¨#EleccionesGT2023ğŸš¨

The @TSEGuatemala at a press conference, they assured that a #CostaRica company called CAPEL is in châ€¦",2022-11-02T00:05:16.000Z,Twitter for Android
1587595418635972608,894944482856058880,"@GageEHC @MikeBCSN 8 conferences of 9 teams in ""Championship"" Division. Win your conference, get seeded for a playoff. Worst team in each conference plays to avoid being relegated to lower division and replaced by top 4 teams in ""lower level"" div. of remaining 58-60 D1 teams. No committee/computer",2022-11-02T00:00:18.000Z,Twitter for Android
1587595418635972608,894944482856058880,"@GageEHC @MikeBCSN 8 conferences of 9 teams in ""Championship"" Division. Win your conference, get seeded for a playoff. Worst team in each conference plays to avoid being relegated to lower division and replaced by top 4 teams in ""lower level"" div. of remaining 58-60 D1 teams. No committee/computer",2022-11-02T00:00:18.000Z,Twitter for Android
1587595418635972608,894944482856058880,"@GageEHC @MikeBCSN 8 conferences of 9 teams in ""Championship"" Division. Win your conference, get seeded for a playoff. Worst team in each conference plays to avoid being relegated to lower division and replaced by top 4 teams in ""lower level"" div. of remaining 58-60 D1 teams. No committee/computer",2022-11-02T00:00:18.000Z,Twitter for Android
1587590412872880129,186880233,"RT @l3xmolina: ğŸ‡¬ğŸ‡¹ğŸš¨#EleccionesGT2023ğŸš¨

The @TSEGuatemala at a press conference, they assured that a #CostaRica company called CAPEL is in châ€¦",2022-11-01T23:40:25.000Z,Twitter for Android
1587590412872880129,186880233,"RT @l3xmolina: ğŸ‡¬ğŸ‡¹ğŸš¨#EleccionesGT2023ğŸš¨

The @TSEGuatemala at a press conference, they assured that a #CostaRica company called CAPEL is in châ€¦",2022-11-01T23:40:25.000Z,Twitter for Android
1587590412872880129,186880233,"RT @l3xmolina: ğŸ‡¬ğŸ‡¹ğŸš¨#EleccionesGT2023ğŸš¨

The @TSEGuatemala at a press conference, they assured that a #CostaRica company called CAPEL is in châ€¦",2022-11-01T23:40:25.000Z,Twitter for Android
1587582516508385281,1264911462,"RT @techpolicySIPA: As cybersecurity awareness month reaches its end, have a look at this 50-year-old USAF report (Oct 1972) which describeâ€¦",2022-11-01T23:09:02.000Z,Twitter Web App
1587582516508385281,1264911462,"RT @techpolicySIPA: As cybersecurity awareness month reaches its end, have a look at this 50-year-old USAF report (Oct 1972) which describeâ€¦",2022-11-01T23:09:02.000Z,Twitter Web App
1587582516508385281,1264911462,"RT @techpolicySIPA: As cybersecurity awareness month reaches its end, have a look at this 50-year-old USAF report (Oct 1972) which describeâ€¦",2022-11-01T23:09:02.000Z,Twitter Web App
1587581602808434694,251918047,"RT @l3xmolina: ğŸ‡¬ğŸ‡¹ğŸš¨#EleccionesGT2023ğŸš¨

The @TSEGuatemala at a press conference, they assured that a #CostaRica company called CAPEL is in châ€¦",2022-11-01T23:05:24.000Z,Twitter for Android
1587581602808434694,251918047,"RT @l3xmolina: ğŸ‡¬ğŸ‡¹ğŸš¨#EleccionesGT2023ğŸš¨

The @TSEGuatemala at a press conference, they assured that a #CostaRica company called CAPEL is in châ€¦",2022-11-01T23:05:24.000Z,Twitter for Android
1587581602808434694,251918047,"RT @l3xmolina: ğŸ‡¬ğŸ‡¹ğŸš¨#EleccionesGT2023ğŸš¨

The @TSEGuatemala at a press conference, they assured that a #CostaRica company called CAPEL is in châ€¦",2022-11-01T23:05:24.000Z,Twitter for Android
1587576107305668608,2440262372,"In its efforts to attract top talent, the NSA has been known to recruit hackers and other computer wizards at cybersecurity conferences. The agency even set up a special page to woo attendees of DefCon, a shadowy hackers' conference held each July in Las Vegas.",2022-11-01T22:43:34.000Z,twittbot.net
1587576107305668608,2440262372,"In its efforts to attract top talent, the NSA has been known to recruit hackers and other computer wizards at cybersecurity conferences. The agency even set up a special page to woo attendees of DefCon, a shadowy hackers' conference held each July in Las Vegas.",2022-11-01T22:43:34.000Z,twittbot.net
1587576107305668608,2440262372,"In its efforts to attract top talent, the NSA has been known to recruit hackers and other computer wizards at cybersecurity conferences. The agency even set up a special page to woo attendees of DefCon, a shadowy hackers' conference held each July in Las Vegas.",2022-11-01T22:43:34.000Z,twittbot.net
1587572723282157568,822210801570353153,"RT @ALERonline: The full conference program is now available. The link to the app for your computer or tablet is: 
https://t.co/J1HwzXIWstâ€¦",2022-11-01T22:30:07.000Z,Twitter for iPhone
1587572723282157568,822210801570353153,"RT @ALERonline: The full conference program is now available. The link to the app for your computer or tablet is: 
https://t.co/J1HwzXIWstâ€¦",2022-11-01T22:30:07.000Z,Twitter for iPhone
1587572723282157568,822210801570353153,"RT @ALERonline: The full conference program is now available. The link to the app for your computer or tablet is: 
https://t.co/J1HwzXIWstâ€¦",2022-11-01T22:30:07.000Z,Twitter for iPhone
1587571992836083712,1252471063730106368,"Human-Computer Interaction. Interacting in Various Application Domains: 13th International Conference, HCI International 2009, San Diego, CA, USA, â€¦ IV: 5613 (Lecture Notes in ComputerÂ Science) https://t.co/V2Mp8Z3cTg",2022-11-01T22:27:13.000Z,WordPress.com
1587571992836083712,1252471063730106368,"Human-Computer Interaction. Interacting in Various Application Domains: 13th International Conference, HCI International 2009, San Diego, CA, USA, â€¦ IV: 5613 (Lecture Notes in ComputerÂ Science) https://t.co/V2Mp8Z3cTg",2022-11-01T22:27:13.000Z,WordPress.com
1587561163168022538,14148900,"RT @techpolicySIPA: As cybersecurity awareness month reaches its end, have a look at this 50-year-old USAF report (Oct 1972) which describeâ€¦",2022-11-01T21:44:11.000Z,Twitter for iPhone
1587561163168022538,14148900,"RT @techpolicySIPA: As cybersecurity awareness month reaches its end, have a look at this 50-year-old USAF report (Oct 1972) which describeâ€¦",2022-11-01T21:44:11.000Z,Twitter for iPhone
1587561163168022538,14148900,"RT @techpolicySIPA: As cybersecurity awareness month reaches its end, have a look at this 50-year-old USAF report (Oct 1972) which describeâ€¦",2022-11-01T21:44:11.000Z,Twitter for iPhone
1587559192680075264,1272479318447230977,Tend hospital leader image computer natural option. Research conference Mrs. Know size beat head blue maintain. Husband network effect chair apply economy.,2022-11-01T21:36:21.000Z,Just Space Bot
1587559192680075264,1272479318447230977,Tend hospital leader image computer natural option. Research conference Mrs. Know size beat head blue maintain. Husband network effect chair apply economy.,2022-11-01T21:36:21.000Z,Just Space Bot
1587557802737819649,1358935180573048835,"RT @l3xmolina: ğŸ‡¬ğŸ‡¹ğŸš¨#EleccionesGT2023ğŸš¨

The @TSEGuatemala at a press conference, they assured that a #CostaRica company called CAPEL is in châ€¦",2022-11-01T21:30:50.000Z,Twitter Web App
1587557802737819649,1358935180573048835,"RT @l3xmolina: ğŸ‡¬ğŸ‡¹ğŸš¨#EleccionesGT2023ğŸš¨

The @TSEGuatemala at a press conference, they assured that a #CostaRica company called CAPEL is in châ€¦",2022-11-01T21:30:50.000Z,Twitter Web App
1587557802737819649,1358935180573048835,"RT @l3xmolina: ğŸ‡¬ğŸ‡¹ğŸš¨#EleccionesGT2023ğŸš¨

The @TSEGuatemala at a press conference, they assured that a #CostaRica company called CAPEL is in châ€¦",2022-11-01T21:30:50.000Z,Twitter Web App
1587552122362597377,715198343001952259,"@AlaCasar One reason I got out of computer networking for small companies is I got tired of that conversation.

Upgrade already!  You just spent $70,000 redoing your conference room, you have a $10,000 plasma TV on the wall and a $20,000 custom table made out of a single tree...",2022-11-01T21:08:15.000Z,Twitter Web App
1587552122362597377,715198343001952259,"@AlaCasar One reason I got out of computer networking for small companies is I got tired of that conversation.

Upgrade already!  You just spent $70,000 redoing your conference room, you have a $10,000 plasma TV on the wall and a $20,000 custom table made out of a single tree...",2022-11-01T21:08:15.000Z,Twitter Web App
1587552122362597377,715198343001952259,"@AlaCasar One reason I got out of computer networking for small companies is I got tired of that conversation.

Upgrade already!  You just spent $70,000 redoing your conference room, you have a $10,000 plasma TV on the wall and a $20,000 custom table made out of a single tree...",2022-11-01T21:08:15.000Z,Twitter Web App
1587549331346935809,793108297402286080,"In part three of Tina Behrouziâ€™s guide to exciting advancements in computer vision, she covers techniques in knowledge distillation and continual learning on display at this yearâ€™s @CVPR conference! Read it now: https://t.co/4BvgPsQaVH  #AI #ML #MachineLearning",2022-11-01T20:57:10.000Z,HubSpot
1587549331346935809,793108297402286080,"In part three of Tina Behrouziâ€™s guide to exciting advancements in computer vision, she covers techniques in knowledge distillation and continual learning on display at this yearâ€™s @CVPR conference! Read it now: https://t.co/4BvgPsQaVH  #AI #ML #MachineLearning",2022-11-01T20:57:10.000Z,HubSpot
1587545994622820353,101569379,"@VolRumorMill @MikeBerardino Goodness, does the computer not take inferior conference and opponents every year. It is the same thing over and over ad nauseum every year. And they get their clocks cleaned by every other conference in bowl games every dang year.",2022-11-01T20:43:54.000Z,Twitter for iPhone
1587545994622820353,101569379,"@VolRumorMill @MikeBerardino Goodness, does the computer not take inferior conference and opponents every year. It is the same thing over and over ad nauseum every year. And they get their clocks cleaned by every other conference in bowl games every dang year.",2022-11-01T20:43:54.000Z,Twitter for iPhone
1587545994622820353,101569379,"@VolRumorMill @MikeBerardino Goodness, does the computer not take inferior conference and opponents every year. It is the same thing over and over ad nauseum every year. And they get their clocks cleaned by every other conference in bowl games every dang year.",2022-11-01T20:43:54.000Z,Twitter for iPhone
1587527452901150720,3253792716,"RT @l3xmolina: ğŸ‡¬ğŸ‡¹ğŸš¨#EleccionesGT2023ğŸš¨

The @TSEGuatemala at a press conference, they assured that a #CostaRica company called CAPEL is in châ€¦",2022-11-01T19:30:14.000Z,Twitter for Android
1587527452901150720,3253792716,"RT @l3xmolina: ğŸ‡¬ğŸ‡¹ğŸš¨#EleccionesGT2023ğŸš¨

The @TSEGuatemala at a press conference, they assured that a #CostaRica company called CAPEL is in châ€¦",2022-11-01T19:30:14.000Z,Twitter for Android
1587527452901150720,3253792716,"RT @l3xmolina: ğŸ‡¬ğŸ‡¹ğŸš¨#EleccionesGT2023ğŸš¨

The @TSEGuatemala at a press conference, they assured that a #CostaRica company called CAPEL is in châ€¦",2022-11-01T19:30:14.000Z,Twitter for Android
1587517261840990208,735392079459803136,"RT @acm_ccs: If you are attending ACM CCS'22, please take the 2022 Conference Climate and Harassment Survey here: https://t.co/nf7uLDJhrg!â€¦",2022-11-01T18:49:44.000Z,Twitter Web App
1587517261840990208,735392079459803136,"RT @acm_ccs: If you are attending ACM CCS'22, please take the 2022 Conference Climate and Harassment Survey here: https://t.co/nf7uLDJhrg!â€¦",2022-11-01T18:49:44.000Z,Twitter Web App
1587517261840990208,735392079459803136,"RT @acm_ccs: If you are attending ACM CCS'22, please take the 2022 Conference Climate and Harassment Survey here: https://t.co/nf7uLDJhrg!â€¦",2022-11-01T18:49:44.000Z,Twitter Web App
1587516664232525824,2952563498,"RT @l3xmolina: ğŸ‡¬ğŸ‡¹ğŸš¨#EleccionesGT2023ğŸš¨

The @TSEGuatemala at a press conference, they assured that a #CostaRica company called CAPEL is in châ€¦",2022-11-01T18:47:22.000Z,Twitter for Android
1587516664232525824,2952563498,"RT @l3xmolina: ğŸ‡¬ğŸ‡¹ğŸš¨#EleccionesGT2023ğŸš¨

The @TSEGuatemala at a press conference, they assured that a #CostaRica company called CAPEL is in châ€¦",2022-11-01T18:47:22.000Z,Twitter for Android
1587516664232525824,2952563498,"RT @l3xmolina: ğŸ‡¬ğŸ‡¹ğŸš¨#EleccionesGT2023ğŸš¨

The @TSEGuatemala at a press conference, they assured that a #CostaRica company called CAPEL is in châ€¦",2022-11-01T18:47:22.000Z,Twitter for Android
1587516474691821570,1549792512,"RT @l3xmolina: ğŸ‡¬ğŸ‡¹ğŸš¨#EleccionesGT2023ğŸš¨

The @TSEGuatemala at a press conference, they assured that a #CostaRica company called CAPEL is in châ€¦",2022-11-01T18:46:36.000Z,Twitter for iPhone
1587516474691821570,1549792512,"RT @l3xmolina: ğŸ‡¬ğŸ‡¹ğŸš¨#EleccionesGT2023ğŸš¨

The @TSEGuatemala at a press conference, they assured that a #CostaRica company called CAPEL is in châ€¦",2022-11-01T18:46:36.000Z,Twitter for iPhone
1587516474691821570,1549792512,"RT @l3xmolina: ğŸ‡¬ğŸ‡¹ğŸš¨#EleccionesGT2023ğŸš¨

The @TSEGuatemala at a press conference, they assured that a #CostaRica company called CAPEL is in châ€¦",2022-11-01T18:46:36.000Z,Twitter for iPhone
1587515647394807809,335176229,"RT @l3xmolina: ğŸ‡¬ğŸ‡¹ğŸš¨#EleccionesGT2023ğŸš¨

The @TSEGuatemala at a press conference, they assured that a #CostaRica company called CAPEL is in châ€¦",2022-11-01T18:43:19.000Z,Twitter for Android
1587515647394807809,335176229,"RT @l3xmolina: ğŸ‡¬ğŸ‡¹ğŸš¨#EleccionesGT2023ğŸš¨

The @TSEGuatemala at a press conference, they assured that a #CostaRica company called CAPEL is in châ€¦",2022-11-01T18:43:19.000Z,Twitter for Android
1587515647394807809,335176229,"RT @l3xmolina: ğŸ‡¬ğŸ‡¹ğŸš¨#EleccionesGT2023ğŸš¨

The @TSEGuatemala at a press conference, they assured that a #CostaRica company called CAPEL is in châ€¦",2022-11-01T18:43:19.000Z,Twitter for Android
1587515245102354436,1243427278891020288,"RT @l3xmolina: ğŸ‡¬ğŸ‡¹ğŸš¨#EleccionesGT2023ğŸš¨

The @TSEGuatemala at a press conference, they assured that a #CostaRica company called CAPEL is in châ€¦",2022-11-01T18:41:43.000Z,Twitter Web App
1587515245102354436,1243427278891020288,"RT @l3xmolina: ğŸ‡¬ğŸ‡¹ğŸš¨#EleccionesGT2023ğŸš¨

The @TSEGuatemala at a press conference, they assured that a #CostaRica company called CAPEL is in châ€¦",2022-11-01T18:41:43.000Z,Twitter Web App
1587515245102354436,1243427278891020288,"RT @l3xmolina: ğŸ‡¬ğŸ‡¹ğŸš¨#EleccionesGT2023ğŸš¨

The @TSEGuatemala at a press conference, they assured that a #CostaRica company called CAPEL is in châ€¦",2022-11-01T18:41:43.000Z,Twitter Web App
1587513153042395136,226953533,"ğŸ‡¬ğŸ‡¹ğŸš¨#EleccionesGT2023ğŸš¨

The @TSEGuatemala at a press conference, they assured that a #CostaRica company called CAPEL is in charge of ""validating"" the computer system to be used in the 2023 electoral process in #Guatemala

I open the thread ğŸ‘‡

https://t.co/GqwixMSpeu",2022-11-01T18:33:24.000Z,Twitter Web App
1587513153042395136,226953533,"ğŸ‡¬ğŸ‡¹ğŸš¨#EleccionesGT2023ğŸš¨

The @TSEGuatemala at a press conference, they assured that a #CostaRica company called CAPEL is in charge of ""validating"" the computer system to be used in the 2023 electoral process in #Guatemala

I open the thread ğŸ‘‡

https://t.co/GqwixMSpeu",2022-11-01T18:33:24.000Z,Twitter Web App
1587510346142867456,364357959,"ICYMI The 31st annual IEEE Newfoundland Electrical and Computer Engineering Conference (NECEC) will take place on Nov. 15 at the Holiday Inn St. John's, N.L. 
For details and to register: https://t.co/Jq66JZd8ez https://t.co/pXnIe2xVKg",2022-11-01T18:22:15.000Z,Twitter Web App
1587510346142867456,364357959,"ICYMI The 31st annual IEEE Newfoundland Electrical and Computer Engineering Conference (NECEC) will take place on Nov. 15 at the Holiday Inn St. John's, N.L. 
For details and to register: https://t.co/Jq66JZd8ez https://t.co/pXnIe2xVKg",2022-11-01T18:22:15.000Z,Twitter Web App
1587507235516710914,1484125734264315904,"Video HDMI Capture Card, Tobo 1080P 4K HDMI to USB 2.0 Cam Link Audio Capture Card Device Record to DSLR Camcorder Action Cam,Computer for Gaming, Live Streaming, Teaching, Video Conference-(TD-813HVC-002) https://t.co/41vjNcbRn1",2022-11-01T18:09:54.000Z,WordPress.com
1587507235516710914,1484125734264315904,"Video HDMI Capture Card, Tobo 1080P 4K HDMI to USB 2.0 Cam Link Audio Capture Card Device Record to DSLR Camcorder Action Cam,Computer for Gaming, Live Streaming, Teaching, Video Conference-(TD-813HVC-002) https://t.co/41vjNcbRn1",2022-11-01T18:09:54.000Z,WordPress.com
1587497527472844800,1252471063730106368,"Entertainment for Education. Digital Techniques and Systems: 5th International Conference on E-learning and Games, Edutainment 2010, Changchun, China, â€¦ 6249 (Lecture Notes in ComputerÂ Science) https://t.co/2gzfV1szm1",2022-11-01T17:31:19.000Z,WordPress.com
1587497527472844800,1252471063730106368,"Entertainment for Education. Digital Techniques and Systems: 5th International Conference on E-learning and Games, Edutainment 2010, Changchun, China, â€¦ 6249 (Lecture Notes in ComputerÂ Science) https://t.co/2gzfV1szm1",2022-11-01T17:31:19.000Z,WordPress.com
1587478326695923712,760131372979785728,Thought-provoking questions from students about careers @DellTech in cybersecurity as well as education strategy @LCPSOfficial Elevate Loudoun County Student Conference and Computer Science Internship Fair w/ Sunny Browarny. @NickGrzeda #lcpselevateloudoun #iwork4dell https://t.co/6OfsKGcKsr,2022-11-01T16:15:01.000Z,Twitter Web App
1587478326695923712,760131372979785728,Thought-provoking questions from students about careers @DellTech in cybersecurity as well as education strategy @LCPSOfficial Elevate Loudoun County Student Conference and Computer Science Internship Fair w/ Sunny Browarny. @NickGrzeda #lcpselevateloudoun #iwork4dell https://t.co/6OfsKGcKsr,2022-11-01T16:15:01.000Z,Twitter Web App
1587477287850475520,2629489590,"RT @SamuelRobertLu1: McCain Conference 2022 Panel: Brain Computer Interface

discuss the ethical and legal challenges associated with varioâ€¦",2022-11-01T16:10:53.000Z,Twitter for Android
1587477287850475520,2629489590,"RT @SamuelRobertLu1: McCain Conference 2022 Panel: Brain Computer Interface

discuss the ethical and legal challenges associated with varioâ€¦",2022-11-01T16:10:53.000Z,Twitter for Android
1587477287850475520,2629489590,"RT @SamuelRobertLu1: McCain Conference 2022 Panel: Brain Computer Interface

discuss the ethical and legal challenges associated with varioâ€¦",2022-11-01T16:10:53.000Z,Twitter for Android
1587470665526915073,437422762,"Alvey, Brendan, et al. ""Simulated photorealistic deep learning framework and workflows to accelerate computer vision and unmanned aerial vehicle research."" Proceedings of the IEEE/CVF International Conference on Computer Vision. 2021. $ORCL 
@larryellison #Industry40 #UAV https://t.co/d5PZhVYJU3",2022-11-01T15:44:35.000Z,Twitter for iPhone
1587470665526915073,437422762,"Alvey, Brendan, et al. ""Simulated photorealistic deep learning framework and workflows to accelerate computer vision and unmanned aerial vehicle research."" Proceedings of the IEEE/CVF International Conference on Computer Vision. 2021. $ORCL 
@larryellison #Industry40 #UAV https://t.co/d5PZhVYJU3",2022-11-01T15:44:35.000Z,Twitter for iPhone
1587464736681107457,437193941,"RT @yourNETA: Today is the last day to submit your session for the #yourNETA Spring Conference! 

Topics include administration, computer sâ€¦",2022-11-01T15:21:01.000Z,Twitter for iPhone
1587464736681107457,437193941,"RT @yourNETA: Today is the last day to submit your session for the #yourNETA Spring Conference! 

Topics include administration, computer sâ€¦",2022-11-01T15:21:01.000Z,Twitter for iPhone
1587464736681107457,437193941,"RT @yourNETA: Today is the last day to submit your session for the #yourNETA Spring Conference! 

Topics include administration, computer sâ€¦",2022-11-01T15:21:01.000Z,Twitter for iPhone
1587460571905015811,1420220588778528769,New to Technical Conferences? Hereâ€™s Why You Should Attend. https://t.co/CZvF1GooNq,2022-11-01T15:04:28.000Z,Sprout Social
1587460571905015811,1420220588778528769,New to Technical Conferences? Hereâ€™s Why You Should Attend. https://t.co/CZvF1GooNq,2022-11-01T15:04:28.000Z,Sprout Social
1587460232346746887,15043650,"RT @mikedamm: There are only two hard problems in computer science:
1) Cache evictions
2) Conference room evictions",2022-11-01T15:03:07.000Z,Twitter Web App
1587460232346746887,15043650,"RT @mikedamm: There are only two hard problems in computer science:
1) Cache evictions
2) Conference room evictions",2022-11-01T15:03:07.000Z,Twitter Web App
1587460232346746887,15043650,"RT @mikedamm: There are only two hard problems in computer science:
1) Cache evictions
2) Conference room evictions",2022-11-01T15:03:07.000Z,Twitter Web App
1587459710483107840,897125641090469889,Testing: New to Technical Conferences? Hereâ€™s Why You Should Attend. https://t.co/O5PJ2AK6mb,2022-11-01T15:01:03.000Z,Sprout Social
1587459710483107840,897125641090469889,Testing: New to Technical Conferences? Hereâ€™s Why You Should Attend. https://t.co/O5PJ2AK6mb,2022-11-01T15:01:03.000Z,Sprout Social
1587459018376839168,1017942006616780800,Video Conference Lighting LED Desk Ring Light for Laptop Computer with â€“ Cryptotian Consumer Electronics https://t.co/XaZyFBpyYn,2022-11-01T14:58:18.000Z,Twitter for iPhone
1587459018376839168,1017942006616780800,Video Conference Lighting LED Desk Ring Light for Laptop Computer with â€“ Cryptotian Consumer Electronics https://t.co/XaZyFBpyYn,2022-11-01T14:58:18.000Z,Twitter for iPhone
1587458251905540096,809392810692640768,"RT from ComputerSociety: ""Tech News: New to Technical Conferences? Hereâ€™s Why You Should Attend. https://t.co/tutp9rfCU8""",2022-11-01T14:55:15.000Z,IFTTT
1587458251905540096,809392810692640768,"RT from ComputerSociety: ""Tech News: New to Technical Conferences? Hereâ€™s Why You Should Attend. https://t.co/tutp9rfCU8""",2022-11-01T14:55:15.000Z,IFTTT
1587457094449405952,411419084,RT @AsharMobeen: https://t.co/ThQ5dPexCp Sindh plans intâ€™l conference to explore ways for flood reconstruction: CM: KARACHI: Sindh Chief Miâ€¦,2022-11-01T14:50:39.000Z,goaidev
1587457094449405952,411419084,RT @AsharMobeen: https://t.co/ThQ5dPexCp Sindh plans intâ€™l conference to explore ways for flood reconstruction: CM: KARACHI: Sindh Chief Miâ€¦,2022-11-01T14:50:39.000Z,goaidev
1587457094449405952,411419084,RT @AsharMobeen: https://t.co/ThQ5dPexCp Sindh plans intâ€™l conference to explore ways for flood reconstruction: CM: KARACHI: Sindh Chief Miâ€¦,2022-11-01T14:50:39.000Z,goaidev
1587457069405581314,745379870964850688,https://t.co/ThQ5dPexCp Sindh plans intâ€™l conference to explore ways for flood reconstruction: CM: KARACHI: Sindh Chief Minister Syed Murad Ali Shah with the approvalâ€¦ https://t.co/ThQ5dPexCp #news #imrankhan #primeminister #software #gadget #programming #electronics #computer https://t.co/wFaev36GE5,2022-11-01T14:50:33.000Z,dlvr.it
1587457069405581314,745379870964850688,https://t.co/ThQ5dPexCp Sindh plans intâ€™l conference to explore ways for flood reconstruction: CM: KARACHI: Sindh Chief Minister Syed Murad Ali Shah with the approvalâ€¦ https://t.co/ThQ5dPexCp #news #imrankhan #primeminister #software #gadget #programming #electronics #computer https://t.co/wFaev36GE5,2022-11-01T14:50:33.000Z,dlvr.it
1587456829671542784,52220019,Tech News: New to Technical Conferences? Hereâ€™s Why You Should Attend. https://t.co/uSufK1BvNd,2022-11-01T14:49:36.000Z,Sprout Social
1587456829671542784,52220019,Tech News: New to Technical Conferences? Hereâ€™s Why You Should Attend. https://t.co/uSufK1BvNd,2022-11-01T14:49:36.000Z,Sprout Social
1587456718283358208,2183476064,RT @MissFrischkorn: Great conference with @codeVirginia Adding more ideas on how to incorporate Computer Science standards into our lessonsâ€¦,2022-11-01T14:49:09.000Z,Twitter Web App
1587456718283358208,2183476064,RT @MissFrischkorn: Great conference with @codeVirginia Adding more ideas on how to incorporate Computer Science standards into our lessonsâ€¦,2022-11-01T14:49:09.000Z,Twitter Web App
1587456718283358208,2183476064,RT @MissFrischkorn: Great conference with @codeVirginia Adding more ideas on how to incorporate Computer Science standards into our lessonsâ€¦,2022-11-01T14:49:09.000Z,Twitter Web App
1587449322957934592,1600979420,"RT @UPMHealthTech: IEEE Computer-Based Medical Systems @cbms_conference 2023, cita clave en el campo de la informÃ¡tica mÃ©dica e informÃ¡ticaâ€¦",2022-11-01T14:19:46.000Z,Twitter for iPhone
1587449322957934592,1600979420,"RT @UPMHealthTech: IEEE Computer-Based Medical Systems @cbms_conference 2023, cita clave en el campo de la informÃ¡tica mÃ©dica e informÃ¡ticaâ€¦",2022-11-01T14:19:46.000Z,Twitter for iPhone
1587449322957934592,1600979420,"RT @UPMHealthTech: IEEE Computer-Based Medical Systems @cbms_conference 2023, cita clave en el campo de la informÃ¡tica mÃ©dica e informÃ¡ticaâ€¦",2022-11-01T14:19:46.000Z,Twitter for iPhone
1587449171551854598,1252471063730106368,"Culture and Computing: 10th International Conference, C&amp;C 2022, Held as Part of the 24th HCI International Conference, HCII 2022, Virtual Event, June â€¦ 13324 (Lecture Notes in ComputerÂ Science) https://t.co/3TBY1nLCPG",2022-11-01T14:19:10.000Z,WordPress.com
1587449171551854598,1252471063730106368,"Culture and Computing: 10th International Conference, C&amp;C 2022, Held as Part of the 24th HCI International Conference, HCII 2022, Virtual Event, June â€¦ 13324 (Lecture Notes in ComputerÂ Science) https://t.co/3TBY1nLCPG",2022-11-01T14:19:10.000Z,WordPress.com
1587447985004216330,1560558376182063106,"RT @LtGovHusted: ""Computer chips run the world, and Ohio is going to make them. We're no longer going to have to depend on China or Asian nâ€¦",2022-11-01T14:14:27.000Z,Twitter for Android
1587447985004216330,1560558376182063106,"RT @LtGovHusted: ""Computer chips run the world, and Ohio is going to make them. We're no longer going to have to depend on China or Asian nâ€¦",2022-11-01T14:14:27.000Z,Twitter for Android
1587447985004216330,1560558376182063106,"RT @LtGovHusted: ""Computer chips run the world, and Ohio is going to make them. We're no longer going to have to depend on China or Asian nâ€¦",2022-11-01T14:14:27.000Z,Twitter for Android
1587431193754193920,23492479,"@letsjoebrandon @Brad2thebone111 @SpeakerPelosi @ZSFGCare Do you own a television? A computer? There was a press conference conducted by the SF police. Donâ€™t you support the blue? 

Bless your heart. Even dumbass magats on Fox and OANN are walking these claims back before they end up sued like Alex Jones.",2022-11-01T13:07:44.000Z,Twitter for iPad
1587431193754193920,23492479,"@letsjoebrandon @Brad2thebone111 @SpeakerPelosi @ZSFGCare Do you own a television? A computer? There was a press conference conducted by the SF police. Donâ€™t you support the blue? 

Bless your heart. Even dumbass magats on Fox and OANN are walking these claims back before they end up sued like Alex Jones.",2022-11-01T13:07:44.000Z,Twitter for iPad
1587431193754193920,23492479,"@letsjoebrandon @Brad2thebone111 @SpeakerPelosi @ZSFGCare Do you own a television? A computer? There was a press conference conducted by the SF police. Donâ€™t you support the blue? 

Bless your heart. Even dumbass magats on Fox and OANN are walking these claims back before they end up sued like Alex Jones.",2022-11-01T13:07:44.000Z,Twitter for iPad
1587428150186835968,435523131,"RT @ALERonline: The full conference program is now available. The link to the app for your computer or tablet is: 
https://t.co/J1HwzXIWstâ€¦",2022-11-01T12:55:38.000Z,Twitter for iPhone
1587428150186835968,435523131,"RT @ALERonline: The full conference program is now available. The link to the app for your computer or tablet is: 
https://t.co/J1HwzXIWstâ€¦",2022-11-01T12:55:38.000Z,Twitter for iPhone
1587428150186835968,435523131,"RT @ALERonline: The full conference program is now available. The link to the app for your computer or tablet is: 
https://t.co/J1HwzXIWstâ€¦",2022-11-01T12:55:38.000Z,Twitter for iPhone
1587427801191383042,1108750031618756608,"The full conference program is now available. The link to the app for your computer or tablet is: 
https://t.co/J1HwzXIWst
You can also use the CrowdCompass Events app currently available for download on your Android or iOS device.
Use ALER 2022 to find our event in the app. https://t.co/SafbJkqUX9",2022-11-01T12:54:15.000Z,Twitter for iPhone
1587427801191383042,1108750031618756608,"The full conference program is now available. The link to the app for your computer or tablet is: 
https://t.co/J1HwzXIWst
You can also use the CrowdCompass Events app currently available for download on your Android or iOS device.
Use ALER 2022 to find our event in the app. https://t.co/SafbJkqUX9",2022-11-01T12:54:15.000Z,Twitter for iPhone
1587425912017911810,957879728337137664,"Join us our International Conference on Advanced Computer Science and Information Technology(ICACSIT) will be held in Thimphu,Bhutan on 26th Nov https://t.co/C22AVrpipd journals.
#Advanced #ComputerScience https://t.co/e8JxZFDam7",2022-11-01T12:46:45.000Z,Twitter Web App
1587425912017911810,957879728337137664,"Join us our International Conference on Advanced Computer Science and Information Technology(ICACSIT) will be held in Thimphu,Bhutan on 26th Nov https://t.co/C22AVrpipd journals.
#Advanced #ComputerScience https://t.co/e8JxZFDam7",2022-11-01T12:46:45.000Z,Twitter Web App
1587424446058373120,90603838,"RT @techpolicySIPA: As cybersecurity awareness month reaches its end, have a look at this 50-year-old USAF report (Oct 1972) which describeâ€¦",2022-11-01T12:40:55.000Z,Twitter for iPhone
1587424446058373120,90603838,"RT @techpolicySIPA: As cybersecurity awareness month reaches its end, have a look at this 50-year-old USAF report (Oct 1972) which describeâ€¦",2022-11-01T12:40:55.000Z,Twitter for iPhone
1587424446058373120,90603838,"RT @techpolicySIPA: As cybersecurity awareness month reaches its end, have a look at this 50-year-old USAF report (Oct 1972) which describeâ€¦",2022-11-01T12:40:55.000Z,Twitter for iPhone
1587422763819597830,15099644,"RT @yourNETA: Today is the last day to submit your session for the #yourNETA Spring Conference! 

Topics include administration, computer sâ€¦",2022-11-01T12:34:14.000Z,Twitter for iPhone
1587422763819597830,15099644,"RT @yourNETA: Today is the last day to submit your session for the #yourNETA Spring Conference! 

Topics include administration, computer sâ€¦",2022-11-01T12:34:14.000Z,Twitter for iPhone
1587422763819597830,15099644,"RT @yourNETA: Today is the last day to submit your session for the #yourNETA Spring Conference! 

Topics include administration, computer sâ€¦",2022-11-01T12:34:14.000Z,Twitter for iPhone
1587421701981077511,32126476,"Today is the last day to submit your session for the #yourNETA Spring Conference! 

Topics include administration, computer science, digital citizenship, google spotlight, library media and more! We know our community has so much to share! 

Link to submit https://t.co/g8F94KCtNO https://t.co/ZYAvkt7Mmt",2022-11-01T12:30:01.000Z,Twitter Web App
1587421701981077511,32126476,"Today is the last day to submit your session for the #yourNETA Spring Conference! 

Topics include administration, computer science, digital citizenship, google spotlight, library media and more! We know our community has so much to share! 

Link to submit https://t.co/g8F94KCtNO https://t.co/ZYAvkt7Mmt",2022-11-01T12:30:01.000Z,Twitter Web App
1587419763797393408,787380362825633792,"RT @scienceatlantic: It's November 1 and two conferences have been held already: Mathematics, Statistics, and Computer Science (MSCS) Confeâ€¦",2022-11-01T12:22:19.000Z,30daysofcodeBot
1587419763797393408,787380362825633792,"RT @scienceatlantic: It's November 1 and two conferences have been held already: Mathematics, Statistics, and Computer Science (MSCS) Confeâ€¦",2022-11-01T12:22:19.000Z,30daysofcodeBot
1587419763797393408,787380362825633792,"RT @scienceatlantic: It's November 1 and two conferences have been held already: Mathematics, Statistics, and Computer Science (MSCS) Confeâ€¦",2022-11-01T12:22:19.000Z,30daysofcodeBot
1587418518420586499,1252471063730106368,"Computational Science and Its Applications â€“ ICCSA 2008: International Conference, Perugia, Italy, June 30 â€“ July 3, 2008, Proceedings, Part I: 5072 (Lecture Notes in ComputerÂ Science) https://t.co/XpmfYCk0GM",2022-11-01T12:17:22.000Z,WordPress.com
1587418518420586499,1252471063730106368,"Computational Science and Its Applications â€“ ICCSA 2008: International Conference, Perugia, Italy, June 30 â€“ July 3, 2008, Proceedings, Part I: 5072 (Lecture Notes in ComputerÂ Science) https://t.co/XpmfYCk0GM",2022-11-01T12:17:22.000Z,WordPress.com
1587416081567817728,951399928609296384,RT @EwanEadie: The incredible Louise Finlayson has been doing  some of the most incredible #montecarlo  computer modelling for Photodynamicâ€¦,2022-11-01T12:07:41.000Z,Twitter Web App
1587416081567817728,951399928609296384,RT @EwanEadie: The incredible Louise Finlayson has been doing  some of the most incredible #montecarlo  computer modelling for Photodynamicâ€¦,2022-11-01T12:07:41.000Z,Twitter Web App
1587416081567817728,951399928609296384,RT @EwanEadie: The incredible Louise Finlayson has been doing  some of the most incredible #montecarlo  computer modelling for Photodynamicâ€¦,2022-11-01T12:07:41.000Z,Twitter Web App
1587409207288029184,276692046,"It's November 1 and two conferences have been held already: Mathematics, Statistics, and Computer Science (MSCS) Conference and Atlantic Universities Geoscience Conference (AUGC). 

Stay up to date on upcoming conferences on our webpage: https://t.co/OPpKOjA3oD https://t.co/cJUBu9IdHu",2022-11-01T11:40:22.000Z,Twitter Web App
1587409207288029184,276692046,"It's November 1 and two conferences have been held already: Mathematics, Statistics, and Computer Science (MSCS) Conference and Atlantic Universities Geoscience Conference (AUGC). 

Stay up to date on upcoming conferences on our webpage: https://t.co/OPpKOjA3oD https://t.co/cJUBu9IdHu",2022-11-01T11:40:22.000Z,Twitter Web App
1587408102596509697,785241113439375360,"We are at the @CollegeofPolice National Digital Investigators Conference today &amp; tomorrow.

Come &amp; say hi - the vehicle is likely the most complex computer you will encounter in your investigations.

We are strategically placed next to the coffee ğŸ˜‰

#digitalinvestigators22 https://t.co/7mppxFBOSO",2022-11-01T11:35:58.000Z,Twitter for iPhone
1587408102596509697,785241113439375360,"We are at the @CollegeofPolice National Digital Investigators Conference today &amp; tomorrow.

Come &amp; say hi - the vehicle is likely the most complex computer you will encounter in your investigations.

We are strategically placed next to the coffee ğŸ˜‰

#digitalinvestigators22 https://t.co/7mppxFBOSO",2022-11-01T11:35:58.000Z,Twitter for iPhone
1587406230267437057,1550357939214757888,"Time-rEversed diffusioN tEnsor Transformer: A new TENET of Few-Shot
  Object Detection https://t.co/uSCnptoPq9
Comment: Accepted at the 17th European Conference on Computer Vision (ECCV
  2022)
  ã“ã®ãƒ›ãƒ¯ã‚¤ãƒˆ ãƒšãƒ¼ãƒ‘ãƒ¼ã§ã¯ã€å°‘æ•°ã‚·ãƒ§ãƒƒãƒˆ ã‚ªãƒ–ã‚¸ã‚§ã‚¯ãƒˆæ¤œå‡ºã®å›°é›£ãªå•é¡Œã«å–ã‚Š",2022-11-01T11:28:32.000Z,translator_arxiv
1587406230267437057,1550357939214757888,"Time-rEversed diffusioN tEnsor Transformer: A new TENET of Few-Shot
  Object Detection https://t.co/uSCnptoPq9
Comment: Accepted at the 17th European Conference on Computer Vision (ECCV
  2022)
  ã“ã®ãƒ›ãƒ¯ã‚¤ãƒˆ ãƒšãƒ¼ãƒ‘ãƒ¼ã§ã¯ã€å°‘æ•°ã‚·ãƒ§ãƒƒãƒˆ ã‚ªãƒ–ã‚¸ã‚§ã‚¯ãƒˆæ¤œå‡ºã®å›°é›£ãªå•é¡Œã«å–ã‚Š",2022-11-01T11:28:32.000Z,translator_arxiv
1587401602633445376,978216415592435712,"The 7th Int. Conference on Computer Vision &amp; Image Processing 2022 from 4-6 November 2022 at VNIT, will have keynote lectures by Padma Shri Prof. A.K. Ray, P.I. Radeva from Spain, F. Dellâ€™Acqua from Italy, Ayellet Tal from Israel, D.P. Lopresti from USA. All are invited to attend",2022-11-01T11:10:09.000Z,Twitter Web App
1587401602633445376,978216415592435712,"The 7th Int. Conference on Computer Vision &amp; Image Processing 2022 from 4-6 November 2022 at VNIT, will have keynote lectures by Padma Shri Prof. A.K. Ray, P.I. Radeva from Spain, F. Dellâ€™Acqua from Italy, Ayellet Tal from Israel, D.P. Lopresti from USA. All are invited to attend",2022-11-01T11:10:09.000Z,Twitter Web App
1587401602633445376,978216415592435712,"The 7th Int. Conference on Computer Vision &amp; Image Processing 2022 from 4-6 November 2022 at VNIT, will have keynote lectures by Padma Shri Prof. A.K. Ray, P.I. Radeva from Spain, F. Dellâ€™Acqua from Italy, Ayellet Tal from Israel, D.P. Lopresti from USA. All are invited to attend",2022-11-01T11:10:09.000Z,Twitter Web App
1587388946228531200,3144620312,"Categories :   Software Engineering &amp; Security ,  Computer Science &amp; Information Technology ,  Multimedia, Computer Graphics &amp; Animation   
https://t.co/QUc0BALl4f
10th International Conference on Soft Computing (SCOM 2022)

December 17 ~ 18, 2022, Dubai, UAE https://t.co/lGlS3QAZKj",2022-11-01T10:19:51.000Z,Twitter Web App
1587388946228531200,3144620312,"Categories :   Software Engineering &amp; Security ,  Computer Science &amp; Information Technology ,  Multimedia, Computer Graphics &amp; Animation   
https://t.co/QUc0BALl4f
10th International Conference on Soft Computing (SCOM 2022)

December 17 ~ 18, 2022, Dubai, UAE https://t.co/lGlS3QAZKj",2022-11-01T10:19:51.000Z,Twitter Web App
